"date","ab_hosp_occupancy_for_with","ab_hosp_occupancy_for","ab_icu_occupancy_for_with","ab_icu_occupancy_for","mb_hosp_occupancy_in_province","mb_icu_occupancy_in_province","mb_icu_occupancy_out_of_province","mb_hosp_occupancy_total","mb_icu_occupancy_total","nb_hosp_occupancy_for_with","nb_hosp_occupancy_for","nb_icu_occupancy_for_with","nb_icu_occupancy_for","nb_total_hosp_admissions","nb_total_hosp_discharged","qc_hosp_admissions_for_with","qc_hosp_admissions_for","qc_hosp_admissions_with","qc_icu_admissions_for_with","qc_icu_admissions_for","qc_icu_admissions_with","sk_hosp_occupancy_total","sk_hosp_occupancy_covid_related_illness","sk_hosp_occupancy_incidental_infection","sk_hosp_occupancy_patient_under_investigation","sk_icu_occupancy","sk_hosp_admissions_daily_avg_past_7_days"
2020-01-24,,,,,,,,,,,,,,,,0,0,0,0,0,0,,,,,,
2020-01-25,,,,,,,,,,,,,,,,0,0,0,0,0,0,,,,,,
2020-01-26,,,,,,,,,,,,,,,,0,0,0,0,0,0,,,,,,
2020-01-27,,,,,,,,,,,,,,,,0,0,0,0,0,0,,,,,,
2020-01-28,,,,,,,,,,,,,,,,0,0,0,0,0,0,,,,,,
2020-01-29,,,,,,,,,,,,,,,,0,0,0,0,0,0,,,,,,
2020-01-30,,,,,,,,,,,,,,,,0,0,0,0,0,0,,,,,,
2020-01-31,,,,,,,,,,,,,,,,0,0,0,0,0,0,,,,,,
2020-02-01,,,,,,,,,,,,,,,,0,0,0,0,0,0,,,,,,
2020-02-02,,,,,,,,,,,,,,,,0,0,0,0,0,0,,,,,,
2020-02-03,,,,,,,,,,,,,,,,0,0,0,0,0,0,,,,,,
2020-02-04,,,,,,,,,,,,,,,,0,0,0,0,0,0,,,,,,
2020-02-05,,,,,,,,,,,,,,,,0,0,0,0,0,0,,,,,,
2020-02-06,,,,,,,,,,,,,,,,0,0,0,0,0,0,,,,,,
2020-02-07,,,,,,,,,,,,,,,,0,0,0,0,0,0,,,,,,
2020-02-08,,,,,,,,,,,,,,,,0,0,0,0,0,0,,,,,,
2020-02-09,,,,,,,,,,,,,,,,0,0,0,0,0,0,,,,,,
2020-02-10,,,,,,,,,,,,,,,,0,0,0,0,0,0,,,,,,
2020-02-11,,,,,,,,,,,,,,,,0,0,0,0,0,0,,,,,,
2020-02-12,,,,,,,,,,,,,,,,0,0,0,0,0,0,,,,,,
2020-02-13,,,,,,,,,,,,,,,,0,0,0,0,0,0,,,,,,
2020-02-14,,,,,,,,,,,,,,,,0,0,0,0,0,0,,,,,,
2020-02-15,,,,,,,,,,,,,,,,0,0,0,0,0,0,,,,,,
2020-02-16,,,,,,,,,,,,,,,,0,0,0,0,0,0,,,,,,
2020-02-17,,,,,,,,,,,,,,,,0,0,0,0,0,0,,,,,,
2020-02-18,,,,,,,,,,,,,,,,0,0,0,0,0,0,,,,,,
2020-02-19,,,,,,,,,,,,,,,,0,0,0,0,0,0,,,,,,
2020-02-20,,,,,,,,,,,,,,,,0,0,0,0,0,0,,,,,,
2020-02-21,,,,,,,,,,,,,,,,0,0,0,0,0,0,,,,,,
2020-02-22,,,,,,,,,,,,,,,,0,0,0,0,0,0,,,,,,
2020-02-23,,,,,,,,,,,,,,,,0,0,0,0,0,0,,,,,,
2020-02-24,,,,,,,,,,,,,,,,0,0,0,0,0,0,,,,,,
2020-02-25,,,,,,,,,,,,,,,,4,0,4,1,0,1,,,,,,
2020-02-26,,,,,,,,,,,,,,,,2,0,2,1,0,1,,,,,,
2020-02-27,,,,,,,,,,,,,,,,3,1,2,1,0,1,,,,,,
2020-02-28,,,,,,,,,,,,,,,,1,1,0,0,0,0,,,,,,
2020-02-29,,,,,,,,,,,,,,,,2,0,2,1,0,1,,,,,,
2020-03-01,,,,,,,,,,,,,,,,5,0,5,2,0,2,,,,,,
2020-03-02,,,,,,,,,,,,,,,,3,0,3,0,0,0,,,,,,
2020-03-03,,,,,,,,,,,,,,,,1,0,1,0,0,0,,,,,,
2020-03-04,,,,,,,,,,,,,,,,1,0,1,1,0,1,,,,,,
2020-03-05,,,,,,,,,,,,,,,,2,0,2,0,0,0,,,,,,
2020-03-06,0,,0,,,,,,,,,,,,,7,1,6,0,0,0,,,,,,
2020-03-07,0,,0,,,,,,,,,,,,,5,0,5,2,0,2,,,,,,
2020-03-08,0,,0,,,,,,,,,,,,,2,0,2,0,0,0,,,,,,
2020-03-09,1,,0,,,,,,,,,,,,,3,0,3,0,0,0,,,,,,
2020-03-10,1,,0,,,,,,,,,,,,,7,0,7,4,0,4,,,,,,
2020-03-11,1,,0,,,,,,,,,,,,,6,1,5,2,1,1,,,,,,
2020-03-12,2,,1,,,,,,,,,,,,,10,1,9,3,1,2,,,,,,
2020-03-13,5,,2,,,,,,,,,,,,,4,0,4,1,0,1,,,,,,
2020-03-14,5,,2,,,,,,,,,,,,,8,0,8,3,0,3,,,,,,
2020-03-15,5,,2,,,,,,,,,,,,,6,0,6,1,0,1,,,,,,
2020-03-16,6,,2,,,,,,,,,,,,,8,1,7,3,1,2,,,,,,
2020-03-17,7,,3,,,,,,,,,,,,,5,1,4,2,0,2,,,,,,
2020-03-18,12,,3,,,,,,,,,,,,,11,0,11,3,0,3,,,,,,
2020-03-19,15,,8,,,,,,,,,,,,,15,2,13,7,2,5,,,,,,
2020-03-20,16,,9,,,,,,,,,,,,,18,1,17,8,0,8,,,,,,
2020-03-21,19,,10,,,,,,,,,,,,,23,2,21,9,1,8,,,,,,
2020-03-22,20,,10,,,,,,,,,,,,,23,2,21,13,2,11,,,,,,
2020-03-23,22,,10,,,,,,,,,,,,,30,8,22,9,4,5,,,,,,
2020-03-24,29,,11,,,,,,,,,,,,,33,4,29,12,0,12,,,,,,
2020-03-25,33,,11,,,,,,,,,,,,,41,3,38,16,1,15,,,,,,
2020-03-26,34,,11,,,,,,,,,,,,,47,7,40,18,3,15,,,,,,
2020-03-27,35,,13,,,,,,,,,,,,,65,10,55,20,5,15,,,,,,
2020-03-28,38,,14,,,,,,,,,,,,,41,3,38,13,0,13,,,,,,
2020-03-29,40,,15,,,,,,,,,,,,,48,5,43,16,2,14,,,,,,
2020-03-30,42,,17,,4,1,,,,,,,,,,70,9,61,22,4,18,,,,,,
2020-03-31,42,,18,,3,2,,,,,,,,,,75,9,66,14,2,12,,,,,,
2020-04-01,41,,20,,4,3,,,,,,,,,,77,8,69,21,2,19,,,,,,
2020-04-02,43,,20,,5,4,,,,,,,,,,84,8,76,24,1,23,,,,,,
2020-04-03,45,,19,,9,6,,,,,,,,,,73,10,63,17,1,16,,,,,,
2020-04-04,47,,20,,10,6,,,,,,,,,,91,16,75,22,3,19,,,,,,
2020-04-05,44,,20,,11,7,,,,,,,,,,85,10,75,16,0,16,,,,,,
2020-04-06,45,,18,,11,7,,,,,,,,,,76,11,65,19,6,13,,,,,,
2020-04-07,46,,16,,12,6,,,,,,,,,,96,12,84,25,1,24,,,,,,
2020-04-08,49,,16,,12,6,,,,,,,,,,122,20,102,22,3,19,,,,,,
2020-04-09,50,,15,,11,5,,,,,,,,,,101,12,89,25,3,22,,,,,,
2020-04-10,52,,15,,10,5,,,,,,,,,,110,14,96,31,4,27,,,,,,
2020-04-11,52,,15,,8,5,,,,,,,,,,109,22,87,22,3,19,,,,,,
2020-04-12,50,,15,,8,4,,,,,,,,,,100,17,83,19,4,15,,,,,,
2020-04-13,49,,14,,8,4,,,,,,,,,,99,16,83,18,2,16,,,,,,
2020-04-14,48,,15,,9,4,,,,,,,,,,95,11,84,16,1,15,,,,,,
2020-04-15,55,,12,,9,4,,,,,,,,,,119,14,105,12,0,12,,,,,,
2020-04-16,58,,13,,8,4,,,,,,,,,,129,15,114,20,3,17,,,,,,
2020-04-17,63,,14,,8,4,,,,,,,,,,118,15,103,23,2,21,,,,,,
2020-04-18,56,,16,,7,4,,,,,,,,,,120,14,106,10,1,9,,,,,,
2020-04-19,62,,19,,8,5,,,,,,,,,,118,8,110,25,1,24,,,,,,
2020-04-20,62,,18,,8,5,,,,,,,,,,100,10,90,18,5,13,,,,,,
2020-04-21,61,,20,,7,4,,,,,,,,,,109,17,92,17,8,9,,,,,,
2020-04-22,64,,19,,7,3,,,,,,,,,,160,20,140,19,5,14,,,,,,
2020-04-23,65,,18,,7,2,,,,,,,,,,130,17,113,23,2,21,,,,,,
2020-04-24,70,,21,,7,3,,,,,,,,,,101,6,95,19,1,18,,,,,,
2020-04-25,70,,19,,7,2,,,,,,,,,,120,15,105,20,4,16,,,,,,
2020-04-26,75,,21,,8,2,,,,,,,,,,85,8,77,17,2,15,,,,,,
2020-04-27,77,,20,,7,2,,,,,,,,,,109,7,102,13,0,13,,,,,,
2020-04-28,79,,23,,7,2,,,,,,,,,,114,16,98,17,1,16,,,,,,
2020-04-29,86,,22,,5,0,,,,,,,,,,122,15,107,19,5,14,,,,,,
2020-04-30,89,,22,,5,0,,,,,,,,,,109,21,88,19,5,14,,,,,,
2020-05-01,82,,23,,5,0,,,,,,,,,,118,24,94,15,1,14,,,,,,
2020-05-02,83,,19,,6,0,,,,,,,,,,121,20,101,19,2,17,,,,,,
2020-05-03,83,,21,,5,0,,,,,,,,,,86,11,75,14,2,12,,,,,,
2020-05-04,82,,21,,5,0,,,,,,,,,,108,18,90,22,5,17,,,,,,
2020-05-05,84,,20,,4,0,,,,,,,,,,98,17,81,13,2,11,,,,,,
2020-05-06,79,,19,,5,0,,,,,,,,,,104,13,91,18,5,13,,,,,,
2020-05-07,78,,18,,5,0,,,,,,,,,,93,9,84,12,1,11,,,,,,
2020-05-08,73,,16,,5,0,,,,,,,,,,97,9,88,11,1,10,,,,,,
2020-05-09,64,,14,,4,0,,,,,,,,,,84,9,75,19,1,18,,,,,,
2020-05-10,65,,12,,4,1,,,,,,,,,,76,11,65,9,1,8,,,,,,
2020-05-11,64,,11,,4,1,,,,,,,,,,77,12,65,14,3,11,,,,,,
2020-05-12,65,,11,,4,1,,,,,,,,,,89,9,80,11,1,10,,,,,,
2020-05-13,61,,9,,4,1,,,,,,,,,,84,11,73,14,2,12,,,,,,
2020-05-14,57,,9,,4,1,,,,,,,,,,73,8,65,14,2,12,,,,,,
2020-05-15,52,,9,,3,1,,,,,,,,,,69,5,64,13,1,12,,,,,,
2020-05-16,50,,8,,2,1,,,,,,,,,,83,16,67,11,3,8,,,,,,
2020-05-17,50,,9,,2,1,,,,,,,,,,65,6,59,13,3,10,,,,,,
2020-05-18,50,,9,,1,0,,,,,,,,,,67,5,62,10,1,9,,,,,,
2020-05-19,45,,8,,1,1,,,,,,,,,,62,9,53,14,1,13,,,,,,
2020-05-20,44,,7,,1,0,,,,,,,,,,61,11,50,13,1,12,,,,,,
2020-05-21,42,,6,,1,0,,,,,,,,,,71,7,64,8,1,7,,,,,,
2020-05-22,39,,6,,1,0,,,,,,,,,,76,8,68,12,1,11,,,,,,
2020-05-23,35,,7,,0,0,,,,,,,,,,60,7,53,6,1,5,,,,,,
2020-05-24,33,,6,,0,0,,,,,,,,,,57,9,48,12,1,11,,,,,,
2020-05-25,33,,5,,0,0,,,,,,,,,,51,5,46,12,1,11,,,,,,
2020-05-26,33,,5,,0,0,,,,,,,,,,51,8,43,14,2,12,,,,,,
2020-05-27,31,,4,,0,0,,,,,,,,,,62,13,49,5,2,3,,,,,,
2020-05-28,32,,4,,0,0,,,,,,,,,,47,3,44,7,0,7,,,,,,
2020-05-29,33,,5,,0,0,,,,,,,,,,42,6,36,13,2,11,,,,,,
2020-05-30,27,,6,,0,0,,,,,,,,,,44,10,34,5,1,4,,,,,,
2020-05-31,24,,6,,0,0,,,,,,,,,,37,4,33,7,1,6,,,,,,
2020-06-01,24,,6,,0,0,,,,,,,,,,37,9,28,6,1,5,,,,,,
2020-06-02,25,,6,,0,0,,,,,,,,,,40,11,29,5,1,4,,,,,,
2020-06-03,20,,6,,0,0,,,,,,,,,,29,8,21,10,1,9,,,,,,
2020-06-04,18,,5,,0,0,,,,,,,,,,32,5,27,6,0,6,,,,,,
2020-06-05,18,,5,,0,0,,,,,,,,,,25,6,19,4,1,3,,,,,,
2020-06-06,18,,5,,,,,,,,,,,,,33,8,25,5,0,5,,,,,,
2020-06-07,20,,5,,,,,,,,,,,,,27,4,23,4,0,4,,,,,,
2020-06-08,19,,5,,0,0,,,,,,,,,,29,9,20,3,1,2,,,,,,
2020-06-09,16,,5,,0,0,,,,,,,,,,20,1,19,6,0,6,,,,,,
2020-06-10,16,,4,,0,0,,,,,,,,,,25,5,20,6,1,5,,,,,,
2020-06-11,16,,4,,0,0,,,,,,,,,,24,3,21,5,0,5,,,,,,
2020-06-12,20,,5,,0,0,,,,,,,,,,25,2,23,3,1,2,,,,,,
2020-06-13,18,,5,,,,,,,,,,,,,28,5,23,4,0,4,,,,,,
2020-06-14,20,,6,,,,,,,,,,,,,16,0,16,1,0,1,,,,,,
2020-06-15,25,,6,,0,0,,,,,,,,,,8,1,7,1,0,1,,,,,,
2020-06-16,27,,7,,0,0,,,,,,,,,,12,0,12,0,0,0,,,,,,
2020-06-17,28,,7,,0,0,,,,,,,,,,14,2,12,3,0,3,,,,,,
2020-06-18,30,,6,,0,0,,,,,,,,,,18,3,15,1,0,1,,,,,,
2020-06-19,30,,6,,0,0,,,,,,,,,,12,2,10,1,0,1,,,,,,
2020-06-20,27,,7,,,,,,,,,,,,,15,1,14,0,0,0,,,,,,
2020-06-21,28,,6,,,,,,,,,,,,,15,2,13,2,0,2,,,,,,
2020-06-22,26,,6,,0,0,,,,,,,,,,13,1,12,0,0,0,,,,,,
2020-06-23,28,,7,,0,0,,,,,,,,,,14,2,12,4,2,2,,,,,,
2020-06-24,27,,8,,0,0,,,,,,,,,,9,2,7,2,0,2,,,,,,
2020-06-25,30,,8,,0,0,,,,,,,,,,18,5,13,3,0,3,,,,,,
2020-06-26,32,,8,,0,0,,,,,,,,,,13,2,11,3,2,1,,,,,,
2020-06-27,32,,8,,,,,,,,,,,,,17,0,17,5,0,5,,,,,,
2020-06-28,32,,9,,,,,,,,,,,,,13,0,13,4,0,4,,,,,,
2020-06-29,32,,9,,0,0,,,,,,,,,,11,1,10,2,0,2,,,,,,
2020-06-30,32,,8,,0,0,,,,,,,,,,9,0,9,2,0,2,,,,,,
2020-07-01,30,,8,,,,,,,,,,,,,15,2,13,0,0,0,,,,,,
2020-07-02,33,,9,,0,0,,,,,,,,,,10,0,10,1,0,1,,,,,,
2020-07-03,38,,8,,0,0,,,,,,,,,,11,0,11,4,0,4,,,,,,
2020-07-04,46,,7,,,,,,,,,,,,,12,6,6,1,1,0,,,,,,
2020-07-05,46,,6,,,,,,,,,,,,,8,1,7,2,0,2,,,,,,
2020-07-06,47,,6,,0,0,,,,,,,,,,3,0,3,1,0,1,,,,,,
2020-07-07,47,,7,,0,0,,,,,,,,,,4,0,4,0,0,0,,,,,,
2020-07-08,41,,7,,0,0,,,,,,,,,,11,2,9,0,0,0,,,,,,
2020-07-09,41,,9,,0,0,,,,,,,,,,9,1,8,0,0,0,,,,,,
2020-07-10,43,,8,,0,0,,,,,,,,,,10,1,9,1,0,1,,,,,,
2020-07-11,44,,11,,,,,,,,,,,,,15,3,12,0,0,0,,,,,,
2020-07-12,46,,13,,,,,,,,,,,,,11,1,10,1,0,1,,,,,,
2020-07-13,56,,13,,0,0,,,,,,,,,,7,0,7,5,0,5,,,,,,
2020-07-14,61,,7,,0,0,,,,,,,,,,5,0,5,0,0,0,,,,,,
2020-07-15,64,,8,,0,0,,,,,,,,,,12,3,9,3,1,2,,,,,,
2020-07-16,68,,15,,0,0,,,,,,,,,,14,0,14,2,0,2,,,,,,
2020-07-17,75,,16,,0,0,,,,,,,,,,3,0,3,1,0,1,,,,,,
2020-07-18,75,,15,,,,,,,,,,,,,12,2,10,2,1,1,,,,,,
2020-07-19,76,,17,,,,,,,,,,,,,8,0,8,4,0,4,,,,,,
2020-07-20,85,,16,,1,1,,,,,,,,,,4,0,4,1,0,1,,,,,,
2020-07-21,92,,18,,1,1,,,,,,,,,,12,0,12,1,0,1,,,,,,
2020-07-22,94,,21,,1,1,,,,,,,,,,9,1,8,2,0,2,,,,,,
2020-07-23,90,,21,,1,1,,,,,,,,,,11,0,11,5,0,5,,,,,,
2020-07-24,88,,16,,,,,,,,,,,,,4,0,4,0,0,0,,,,,,
2020-07-25,78,,16,,,,,,,,,,,,,5,1,4,0,0,0,,,,,,
2020-07-26,79,,17,,,,,,,,,,,,,7,0,7,5,0,5,,,,,,
2020-07-27,79,,15,,3,2,,,,,,,,,,13,1,12,6,0,6,,,,,,
2020-07-28,76,,16,,3,2,,,,,,,,,,8,1,7,0,0,0,,,,,,
2020-07-29,77,,17,,6,4,,,,,,,,,,9,3,6,4,1,3,,,,,,
2020-07-30,75,,16,,6,4,,,,,,,,,,14,2,12,2,1,1,,,,,,
2020-07-31,75,,17,,6,5,,,,,,,,,,8,1,7,4,0,4,,,,,,
2020-08-01,71,,18,,,,,,,,,,,,,4,0,4,2,0,2,,,,,,
2020-08-02,72,,17,,,,,,,,,,,,,5,0,5,1,0,1,,,,,,
2020-08-03,72,,22,,,,,,,,,,,,,2,0,2,0,0,0,,,,,,
2020-08-04,65,,21,,9,4,,,,,,,,,,10,0,10,2,0,2,,,,,,
2020-08-05,62,,19,,9,5,,,,,,,,,,4,1,3,1,0,1,,,,,,
2020-08-06,55,,18,,10,5,,,,,,,,,,7,1,6,0,0,0,,,,,,
2020-08-07,54,,17,,9,3,,,,,,,,,,12,1,11,2,0,2,,,,,,
2020-08-08,54,,18,,9,3,,,,,,,,,,12,2,10,4,2,2,,,,,,
2020-08-09,51,,15,,6,3,,,,,,,,,,4,0,4,2,0,2,,,,,,
2020-08-10,49,,15,,6,3,,,,,,,,,,5,0,5,0,0,0,,,,,,
2020-08-11,47,,14,,5,3,,,,,,,,,,6,1,5,1,0,1,,,,,,
2020-08-12,49,,13,,5,3,,,,,,,,,,12,2,10,2,0,2,,,,,,
2020-08-13,48,,13,,7,3,,,,,,,,,,8,1,7,3,0,3,,,,,,
2020-08-14,46,,13,,9,3,,,,,,,,,,11,3,8,1,1,0,,,,,,
2020-08-15,48,,13,,9,,,,,,,,,,,10,1,9,3,0,3,,,,,,
2020-08-16,50,,11,,9,3,,,,,,,,,,5,1,4,0,0,0,,,,,,
2020-08-17,53,,14,,11,3,,,,,,,,,,9,1,8,5,1,4,,,,,,
2020-08-18,52,,15,,8,2,,,,,,,,,,2,1,1,0,0,0,,,,,,
2020-08-19,50,,15,,6,,,,,,,,,,,6,1,5,0,0,0,,,,,,
2020-08-20,44,,12,,,,,,,,,,,,,7,0,7,0,0,0,,,,,,
2020-08-21,48,,12,,5,1,,,,,,,,,,6,0,6,0,0,0,,,,,,
2020-08-22,47,,10,,6,1,,,,,,,,,,5,1,4,0,0,0,,,,,,
2020-08-23,48,,10,,7,1,,,,,,,,,,8,2,6,1,1,0,,,,,,
2020-08-24,48,,8,,6,1,,,,,,,,,,9,2,7,1,0,1,,,,,,
2020-08-25,51,,8,,7,1,,,,,,,,,,4,1,3,1,1,0,,,,,,
2020-08-26,53,,8,,8,1,,,,,,,,,,8,1,7,0,0,0,,,,,,
2020-08-27,51,,8,,6,1,,,,,,,,,,10,2,8,2,0,2,,,,,,
2020-08-28,47,,9,,5,1,,,,,,,,,,11,1,10,6,0,6,,,,,,
2020-08-29,44,,9,,,,,,,,,,,,,4,0,4,0,0,0,,,,,,
2020-08-30,49,,11,,,,,,,,,,,,,16,3,13,4,0,4,,,,,,
2020-08-31,52,,11,,11,1,,,,,,,,,,7,3,4,2,2,0,,,,,,
2020-09-01,53,,10,,,,,,,,,,,,,9,1,8,2,0,2,,,,,,
2020-09-02,50,,10,,,,,,,,,,,,,9,3,6,1,0,1,,,,,,
2020-09-03,52,,11,,12,1,,,,,,,,,,14,5,9,1,0,1,,,,,,
2020-09-04,52,,13,,11,1,,,,,,,,,,10,0,10,0,0,0,,,,,,
2020-09-05,51,,13,,13,2,,,,,,,,,,15,6,9,3,3,0,,,,,,
2020-09-06,49,,11,,13,2,,,,,,,,,,9,1,8,2,0,2,,,,,,
2020-09-07,48,,10,,13,3,,,,,,,,,,9,2,7,0,0,0,,,,,,
2020-09-08,49,,7,,13,3,,,,,,,,,,12,5,7,1,1,0,,,,,,
2020-09-09,44,,7,,12,3,,,,,,,,,,17,6,11,1,0,1,,,,,,
2020-09-10,42,,6,,11,3,,,,,,,,,,16,5,11,3,1,2,,,,,,
2020-09-11,43,,6,,12,4,,,,,,,,,,25,10,15,4,2,2,,,,,,
2020-09-12,44,,7,,13,4,,,,,,,,,,20,3,17,4,0,4,,,,,,
2020-09-13,41,,7,,15,3,,,,,,,,,,15,3,12,2,0,2,,,,,,
2020-09-14,48,,9,,12,3,,,,,,,,,,18,7,11,9,2,7,,,,,,
2020-09-15,46,,8,,12,3,,,,,,,,,,20,7,13,4,2,2,,,,,,
2020-09-16,47,,8,,9,3,,,,,,,,,,10,3,7,3,1,2,,,,,,
2020-09-17,51,,8,,10,2,,,,,,,,,,17,3,14,2,1,1,,,,,,
2020-09-18,58,,9,,11,3,,,,,,,,,,13,1,12,4,0,4,,,,,,
2020-09-19,59,,11,,10,3,,,,,,,,,,34,8,26,8,1,7,,,,,,
2020-09-20,60,,12,,11,3,,,,,,,,,,23,7,16,4,2,2,,,,,,
2020-09-21,60,,12,,8,2,,,,,,,,,,23,7,16,5,2,3,,,,,,
2020-09-22,61,,13,,8,2,,,,,,,,,,25,5,20,4,0,4,,,,,,
2020-09-23,64,,15,,11,5,,,,,,,,,,27,7,20,5,3,2,,,,,,
2020-09-24,68,,15,,11,6,,,,,,,,,,28,7,21,9,1,8,,,,,,
2020-09-25,70,,16,,13,6,,,,,,,,,,44,6,38,9,0,9,,,,,,
2020-09-26,69,,16,,12,6,,,,,,,,,,42,9,33,6,1,5,,,,,,
2020-09-27,72,,14,,13,6,,,,,,,,,,27,3,24,5,0,5,,,,,,
2020-09-28,70,,12,,13,7,,,,,,,,,,27,6,21,4,0,4,,,,,,
2020-09-29,70,,12,,14,8,,,,,,,,,,42,10,32,10,1,9,,,,,,
2020-09-30,74,,13,,13,7,,,,,,,,,,52,10,42,11,3,8,,,,,,
2020-10-01,74,,15,,15,7,,,,,,,,,,65,10,55,17,3,14,,,,,,
2020-10-02,79,,16,,18,7,,,,,,,,,,43,11,32,11,4,7,,,,,,
2020-10-03,80,,16,,,,,,,,,,,,,57,9,48,13,2,11,,,,,,
2020-10-04,76,,14,,20,5,,,,,,,,,,58,8,50,13,0,13,,,,,,
2020-10-05,79,,16,,23,6,,,,,,,,,,50,9,41,6,0,6,,,,,,
2020-10-06,88,,15,,28,7,,,,,,,,,,55,7,48,12,2,10,,,,,,
2020-10-07,92,,13,,25,6,,,,,,,,,,54,16,38,14,4,10,,,,,,
2020-10-08,91,,11,,25,6,,,,,,,,,,58,13,45,18,3,15,,,,,,
2020-10-09,91,,12,,25,6,,,,,,,,,,52,5,47,6,0,6,,,,,,
2020-10-10,98,,14,,24,4,,,,,,,,,,58,7,51,10,0,10,,,,,,
2020-10-11,101,,16,,24,4,,,,,,,,,,57,12,45,16,4,12,,,,,,
2020-10-12,103,,13,,25,4,,,,,,,,,,52,6,46,15,2,13,,,,,,
2020-10-13,104,,14,,28,5,,,,,,,,,,42,8,34,10,1,9,,,,,,
2020-10-14,108,,15,,27,3,,,,,,,,,,54,14,40,10,5,5,,,,,,
2020-10-15,118,,10,,25,5,,,,,,,,,,49,15,34,12,6,6,,,,,,
2020-10-16,118,,12,,25,5,,,,,,,,,,51,5,46,9,1,8,,,,,,
2020-10-17,123,,13,,28,5,,,,,,,,,,52,12,40,12,3,9,,,,,,
2020-10-18,121,,16,,29,6,,,,,,,,,,47,15,32,12,4,8,,,,,,
2020-10-19,120,,15,,28,6,,,,,,,,,,46,8,38,8,2,6,,,,,,
2020-10-20,114,,15,,32,6,,,,,,,,,,58,15,43,13,4,9,,,,,,
2020-10-21,108,,17,,,,,,,,,,,,,62,13,49,8,2,6,,,,,,
2020-10-22,107,,14,,42,8,,,,,,,,,,54,7,47,7,3,4,,,,,,
2020-10-23,106,,15,,51,8,,,,,,,,,,63,12,51,9,1,8,,,,,,
2020-10-24,108,,17,,65,10,,,,,,,,,,52,13,39,8,1,7,,,,,,
2020-10-25,110,,16,,77,15,,,,,,,,,,43,7,36,10,1,9,,,,,,
2020-10-26,117,,16,,80,15,,,,,,,,,,47,17,30,9,1,8,,,,,,
2020-10-27,122,,20,,83,15,,,,,,,,,,52,13,39,6,1,5,,,,,,
2020-10-28,131,,18,,89,19,,,,,,,,,,54,13,41,10,4,6,,,,,,
2020-10-29,141,,25,,97,17,,,,,,,,,,47,12,35,8,3,5,,,,,,
2020-10-30,136,,24,,104,19,,,,,,,,,,53,8,45,12,2,10,,,,,,
2020-10-31,142,,24,,107,20,,,,,,,,,,36,6,30,6,0,6,,,,,,
2020-11-01,152,,28,,120,18,,,,,,,,,,56,14,42,8,1,7,,,,,,
2020-11-02,154,,28,,124,18,,,,,,,,,,51,13,38,10,2,8,,,,,,
2020-11-03,158,,32,,130,20,,,,,,,,,,47,9,38,6,2,4,,,,,,
2020-11-04,159,,32,,140,21,,,,,,,,,,54,13,41,3,0,3,,,,,,
2020-11-05,171,,32,,153,16,,,,,,,,,,53,8,45,11,3,8,,,,,,
2020-11-06,179,,33,,161,20,,,,,,,,,,51,11,40,7,3,4,,,,,,
2020-11-07,184,,35,,159,23,,,,,,,,,,55,16,39,10,5,5,,,,,,
2020-11-08,192,,38,,173,25,,,,,,,,,,58,14,44,9,3,6,,,,,,
2020-11-09,207,,42,,192,28,,,,,,,,,,62,11,51,15,4,11,,,,,,
2020-11-10,216,,44,,207,30,,,,,,,,,,68,16,52,9,2,7,,,,,,
2020-11-11,224,,50,,218,32,,,,,,,,,,80,16,64,16,4,12,,,,,,
2020-11-12,246,,53,,227,34,,,,,,,,,,70,9,61,12,2,10,,,,,,
2020-11-13,261,,55,,231,34,,,,,,,,,,73,13,60,12,4,8,,,,,,
2020-11-14,271,,57,,228,34,,,,,,,,,,67,16,51,11,4,7,,,,,,
2020-11-15,283,,56,,220,41,,,,,,,,,,59,10,49,11,1,10,,,,,,
2020-11-16,292,,58,,234,42,,,,,,,,,,67,15,52,15,5,10,,,,,,
2020-11-17,305,,59,,240,41,,,,,,,,,,84,26,58,13,4,9,,,,,,
2020-11-18,322,,61,,249,40,,,,,,,,,,87,20,67,11,2,9,,,,,,
2020-11-19,345,,59,,263,43,,,,,,,,,,63,17,46,3,0,3,,,,,,
2020-11-20,355,,58,,281,43,,,,,,,,,,70,14,56,11,3,8,,,,,,
2020-11-21,356,,62,,276,45,,,,,,,,,,84,16,68,12,3,9,,,,,,
2020-11-22,364,,65,,288,52,,,,,,,,,,70,10,60,16,3,13,,,,,,
2020-11-23,383,,66,,296,52,,,,,,,,,,58,12,46,13,3,10,,,,,,
2020-11-24,397,,74,,292,47,,,,,,,,,,67,16,51,14,3,11,,,,,,
2020-11-25,436,,85,,303,50,,,,,,,,,,88,24,64,17,3,14,,,,,,
2020-11-26,448,,86,,307,46,,,,,,,,,,82,16,66,11,2,9,,,,,,
2020-11-27,462,,89,,322,45,,,,,,,,,,99,20,79,17,2,15,,,,,,
2020-11-28,477,,94,,327,44,,,,,,,,,,88,22,66,10,1,9,,,,,,
2020-11-29,494,,95,,336,44,,,,,,,,,,72,18,54,18,7,11,,,,,,
2020-11-30,520,,102,,342,43,,,,,,,,,,58,18,40,11,3,8,,,,,,
2020-12-01,550,,100,,338,48,,,,,,,,,,84,18,66,10,0,10,,,,,,
2020-12-02,565,,101,,351,51,,,,,,,,,,98,22,76,17,1,16,,,,,,
2020-12-03,587,,100,,357,52,,,,,,,,,,86,18,68,14,2,12,,,,,,
2020-12-04,601,,103,,361,55,,,,,,,,,,84,25,59,11,3,8,,,,,,
2020-12-05,626,,106,,349,51,,,,,,,,,,72,27,45,12,6,6,,,,,,
2020-12-06,654,,113,,348,43,,,,,,,,,,81,32,49,12,3,9,,,,,,
2020-12-07,695,,115,,310,39,,,,,,,,,,70,24,46,16,2,14,,,,,,
2020-12-08,708,,128,,311,38,,,,,,,,,,79,23,56,13,3,10,,,,,,
2020-12-09,725,,127,,300,38,,,,,,,,,,99,19,80,17,3,14,,,,,,
2020-12-10,727,,127,,298,43,,,,,,,,,,91,26,65,16,4,12,,,,,,
2020-12-11,726,,128,,297,40,,,,,,,,,,87,29,58,17,6,11,,,,,,
2020-12-12,705,,136,,289,42,,,,,,,,,,97,27,70,16,0,16,,,,,,
2020-12-13,729,,138,,304,43,,,,,,,,,,94,26,68,16,6,10,,,,,,
2020-12-14,760,,135,,303,39,,,,,,,,,,96,23,73,11,3,8,,,,,,
2020-12-15,774,,142,,311,44,,,,,,,,,,109,30,79,20,4,16,,,,,,
2020-12-16,784,,140,,328,46,,,,,,,,,,116,33,83,18,5,13,,,,,,
2020-12-17,792,,145,,314,42,,,,,,,,,,101,30,71,10,2,8,,,,,,
2020-12-18,790,,154,,305,43,,,,,,,,,,85,20,65,16,4,12,,,,,,
2020-12-19,789,,152,,298,44,,,,,,,,,,100,27,73,17,5,12,,,,,,
2020-12-20,810,,153,,302,43,,,,,,,,,,121,34,87,24,6,18,,,,,,
2020-12-21,822,,152,,310,42,,,,,,,,,,78,26,52,15,5,10,,,,,,
2020-12-22,836,,144,,275,36,,,,,,,,,,110,36,74,17,5,12,,,,,,
2020-12-23,852,,150,,259,37,,,,,,,,,,112,32,80,24,4,20,,,,,,
2020-12-24,848,,151,,346,41,,,,,,,,,,116,24,92,25,5,20,,,,,,
2020-12-25,836,,147,,,,,,,,,,,,,96,31,65,19,8,11,,,,,,
2020-12-26,846,,141,,,,,,,,,,,,,118,34,84,22,4,18,,,,,,
2020-12-27,864,,150,,341,35,,,,,,,,,,116,31,85,19,5,14,,,,,,
2020-12-28,880,,154,,343,37,,,,,,,,,,116,38,78,20,5,15,,,,,,
2020-12-29,903,,152,,338,36,,,,,,,,,,118,35,83,25,9,16,,,,,,
2020-12-30,905,,144,,337,36,,,,,,,,,,123,30,93,23,6,17,,,,,,
2020-12-31,892,,141,,337,37,,,,,,,,,,125,38,87,19,6,13,,,,,,
2021-01-01,877,,147,,,,,,,,,,,,,145,47,98,25,6,19,,,,,,
2021-01-02,889,,142,,239,36,,,,,,,,,,122,29,93,17,6,11,,,,,,
2021-01-03,890,,139,,339,41,,,,,,,,,,124,44,80,24,9,15,,,,,,
2021-01-04,902,,141,,340,41,,,,,,,,,,128,38,90,23,5,18,,,,,,
2021-01-05,880,,142,,339,40,,,,,,,,,,145,39,106,28,7,21,,,,,,
2021-01-06,847,,140,,329,37,,,,,,,,,,123,30,93,25,6,19,,,,,,
2021-01-07,818,,139,,319,35,,,,,,,,,,154,50,104,29,7,22,,,,,,
2021-01-08,798,,135,,315,35,,,,,,,,,,146,39,107,28,6,22,,,,,,
2021-01-09,772,,132,,313,37,,,,,,,,,,113,30,83,18,5,13,,,,,,
2021-01-10,793,,136,,322,36,,,,,,,,,,121,31,90,24,6,18,,,,,,
2021-01-11,798,,133,,316,37,,,,,,,,,,120,37,83,27,10,17,,,,,,
2021-01-12,791,,137,,302,35,,,,,,,,,,142,40,102,25,9,16,,,,,,
2021-01-13,767,,135,,289,36,,,,,,,,,,129,40,89,22,6,16,,,,,,
2021-01-14,765,,127,,290,37,,,,,,,,,,121,33,88,19,4,15,,,,,,
2021-01-15,740,,123,,284,35,,,,,,,,,,117,32,85,22,6,16,,,,,,
2021-01-16,717,,123,,283,36,,,,,,,,,,105,30,75,19,3,16,,,,,,
2021-01-17,717,,121,,292,39,,,,,,,,,,95,26,69,16,4,12,,,,,,
2021-01-18,723,,122,,289,35,,,,,,,,,,96,38,58,13,5,8,,,,,,
2021-01-19,725,,125,,279,37,,,,,,,,,,96,33,63,20,9,11,,,,,,
2021-01-20,701,,121,,273,36,,,,,,,,,,129,42,87,26,9,17,,,,,,
2021-01-21,671,,117,,268,34,,,,,,,,,,102,28,74,18,4,14,,,,,,
2021-01-22,649,,115,,274,39,,,,,,,,,,93,28,65,22,5,17,,,,,,
2021-01-23,615,,111,,272,40,,,,,,,,,,81,17,64,19,1,18,,,,,,
2021-01-24,602,,114,,278,42,,,,,,,,,,78,27,51,18,6,12,,,,,,
2021-01-25,593,,108,,272,36,,,,,,,,,,81,15,66,20,5,15,,,,,,
2021-01-26,575,,109,,277,38,,,,,,,,,,78,16,62,13,3,10,,,,,,
2021-01-27,566,,111,,281,36,,,,,,,,,,79,17,62,13,3,10,,,,,,
2021-01-28,561,,108,,277,37,,,,,,,,,,79,18,61,12,3,9,,,,,,
2021-01-29,547,,102,,272,39,,,,,,,,,,63,21,42,7,3,4,,,,,,
2021-01-30,527,,101,,275,39,,,,,,,,,,61,13,48,8,1,7,,,,,,
2021-01-31,521,,102,,259,39,,,,,,,,,,52,8,44,11,3,8,,,,,,
2021-02-01,524,,96,,255,38,,,,,,,,,,62,14,48,14,1,13,,,,,,
2021-02-02,500,,93,,254,36,,,,,,,,,,46,13,33,11,3,8,,,,,,
2021-02-03,476,,92,,260,34,,,,,,,,,,63,17,46,10,1,9,,,,,,
2021-02-04,444,,88,,264,36,,,,,,,,,,55,12,43,10,2,8,,,,,,
2021-02-05,423,,83,,269,40,,,,,,,,,,42,9,33,7,0,7,,,,,,
2021-02-06,404,,80,,259,40,,,,,,,,,,50,17,33,14,5,9,,,,,,
2021-02-07,399,,77,,263,38,,,,,,,,,,60,13,47,11,3,8,,,,,,
2021-02-08,397,,78,,271,34,,,,,,,,,,36,10,26,5,2,3,,,,,,
2021-02-09,386,,75,,266,33,,,,,,,,,,41,12,29,11,6,5,,,,,,
2021-02-10,359,,68,,255,34,,,,,,,,,,47,9,38,15,1,14,,,,,,
2021-02-11,332,,63,,244,32,,,,,,,,,,42,12,30,11,3,8,,,,,,
2021-02-12,316,,60,,240,29,,,,,,,,,,40,14,26,7,4,3,,,,,,
2021-02-13,313,,56,,230,28,,,,,,,,,,49,12,37,11,2,9,,,,,,
2021-02-14,309,,55,,226,26,,,,,,,,,,37,8,29,8,2,6,,,,,,
2021-02-15,322,,53,,,,,,,,,,,,,34,12,22,9,3,6,,,,,,
2021-02-16,325,,57,,230,26,,,,,,,,,,45,22,23,12,2,10,,,,,,
2021-02-17,316,,53,,231,28,,,,,,,,,,36,12,24,9,3,6,,,,,,
2021-02-18,303,,54,,224,27,,,,,,,,,,36,11,25,7,2,5,,,,,,
2021-02-19,289,,50,,213,27,,,,,,,,,,38,13,25,5,0,5,,,,,,
2021-02-20,280,,54,,206,31,,,,,,,,,,34,7,27,11,2,9,,,,,,
2021-02-21,292,,53,,208,31,,,,,,,,,,42,12,30,15,3,12,,,,,,
2021-02-22,293,,52,,206,32,,,,,,,,,,31,9,22,8,0,8,,,,,,
2021-02-23,280,,58,,216,33,,,,,,,,,,41,11,30,8,1,7,,,,,,
2021-02-24,273,,57,,207,29,,,,,,,,,,40,12,28,11,3,8,,,,,,
2021-02-25,272,,56,,196,26,,,,,,,,,,50,15,35,15,5,10,,,,,,
2021-02-26,267,,50,,191,28,,,,,,,,,,48,15,33,8,3,5,,,,,,
2021-02-27,253,,45,,189,27,,,,,,,,,,46,10,36,9,2,7,,,,,,
2021-02-28,262,,48,,192,26,,,,,,,,,,35,8,27,9,3,6,,,,,,
2021-03-01,258,,50,,184,25,,,,,,,,,,31,12,19,8,5,3,,,,,,
2021-03-02,254,,44,,187,25,,,,,,,,,,42,11,31,14,2,12,,,,,,
2021-03-03,247,,43,,186,24,,,,,,,,,,35,9,26,6,3,3,,,,,,
2021-03-04,252,,41,,181,24,,,,,,,,,,42,14,28,5,1,4,,,,,,
2021-03-05,253,,40,,171,24,,,,,,,,,,43,7,36,9,0,9,,,,,,
2021-03-06,244,,38,,158,23,,,,,,,,,,36,12,24,13,5,8,,,,,,
2021-03-07,252,,34,,159,22,,,,,,,,,,26,5,21,5,1,4,,,,,,
2021-03-08,259,,35,,164,22,,,,3,,1,,70,57,34,8,26,9,1,8,,,,,,
2021-03-09,248,,36,,163,22,,,,3,,2,,71,57,42,13,29,7,2,5,,,,,,
2021-03-10,254,,37,,162,21,,,,3,,2,,71,57,44,11,33,13,5,8,,,,,,
2021-03-11,257,,38,,156,22,,,,3,,2,,71,57,36,10,26,9,3,6,,,,,,
2021-03-12,254,,36,,154,22,,,,1,,0,,73,58,35,7,28,10,2,8,,,,,,
2021-03-13,249,,36,,152,22,,,,1,,0,,73,58,51,18,33,15,8,7,,,,,,
2021-03-14,260,,41,,148,23,,,,1,,0,,73,58,28,10,18,7,2,5,,,,,,
2021-03-15,259,,41,,151,23,,,,1,,0,,73,58,29,6,23,8,2,6,,,,,,
2021-03-16,262,,42,,151,22,,,,1,,0,,73,58,30,10,20,11,1,10,,,,,,
2021-03-17,266,,42,,149,21,,,,1,,0,,73,58,36,5,31,11,2,9,,,,,,
2021-03-18,271,,46,,146,23,,,,1,,0,,73,58,40,9,31,9,2,7,,,,,,
2021-03-19,274,,47,,136,21,,,,1,,0,,73,58,38,8,30,6,1,5,,,,,,
2021-03-20,275,,46,,133,21,,,,2,,0,,73,58,39,9,30,15,4,11,,,,,,
2021-03-21,280,,46,,135,22,,,,2,,0,,73,58,40,8,32,16,4,12,,,,,,
2021-03-22,290,,52,,138,25,,,,2,,0,,73,58,40,10,30,12,1,11,,,,,,
2021-03-23,288,,51,,142,25,,,,1,,0,,74,59,45,16,29,13,6,7,,,,,,
2021-03-24,289,,54,,138,27,,,,3,,0,,74,59,29,7,22,10,4,6,,,,,,
2021-03-25,281,,57,,146,30,,,,3,,0,,75,60,27,4,23,3,0,3,,,,,,
2021-03-26,279,,65,,142,31,,,,4,,0,,75,60,35,6,29,3,0,3,,,,,,
2021-03-27,275,,62,,143,28,,,,5,,1,,75,60,47,5,42,17,3,14,,,,,,
2021-03-28,285,,62,,140,27,,,,5,,1,,75,60,33,5,28,12,0,12,,,,,,
2021-03-29,295,,57,,149,27,,,,4,,2,,76,61,35,9,26,9,4,5,,,,,,
2021-03-30,291,,62,,150,31,,,,5,,2,,76,61,34,8,26,15,3,12,,,,,,
2021-03-31,284,,59,,146,28,,,,5,,2,,76,61,45,13,32,12,6,6,,,,,,
2021-04-01,288,,61,,148,30,,,,4,,3,,77,62,60,17,43,15,3,12,,,,,,
2021-04-02,294,,69,,,,,,,10,,5,,76,62,64,11,53,21,3,18,,,,,,
2021-04-03,296,,70,,142,29,,,,14,,6,,76,62,42,14,28,8,5,3,,,,,,
2021-04-04,308,,76,,,,,,,15,,7,,77,62,42,14,28,5,0,5,,,,,,
2021-04-05,320,,77,,141,29,,,,14,,8,,79,64,39,8,31,17,3,14,,,,,,
2021-04-06,323,,78,,140,30,,,,18,,12,,78,63,51,13,38,11,2,9,,,,,,
2021-04-07,333,,82,,140,32,,,,18,,12,,80,64,49,10,39,16,5,11,,,,,,
2021-04-08,342,,83,,141,33,,,,20,,13,,80,64,58,18,40,13,3,10,,,,,,
2021-04-09,361,,85,,136,35,,,,19,,13,,81,64,64,13,51,16,4,12,,,,,,
2021-04-10,381,,91,,141,32,,,,20,,13,,81,63,73,19,54,14,3,11,,,,,,
2021-04-11,387,,90,,136,31,,,,20,,13,,82,63,76,20,56,21,7,14,,,,,,
2021-04-12,399,,88,,135,33,,,,18,,13,,84,65,54,17,37,13,1,12,,,,,,
2021-04-13,416,,89,,138,33,,,,18,,13,,84,65,73,16,57,16,2,14,,,,,,
2021-04-14,415,,85,,142,37,,,,19,,13,,84,65,78,24,54,25,8,17,,,,,,
2021-04-15,422,,89,,137,35,,,,18,,12,,86,67,67,20,47,15,6,9,,,,,,
2021-04-16,444,,90,,130,34,,,,20,,12,,86,67,74,18,56,25,8,17,,,,,,
2021-04-17,449,,98,,128,32,,,,20,,12,,86,67,65,18,47,14,3,11,,,,,,
2021-04-18,461,,100,,132,33,,,,20,,12,,86,67,66,20,46,19,4,15,,,,,,
2021-04-19,487,,103,,132,30,,,,21,,8,,86,67,71,13,58,27,5,22,,,,,,
2021-04-20,505,,111,,132,33,,,,21,,8,,86,67,63,20,43,15,5,10,,,,,,
2021-04-21,524,,114,,137,34,,,,15,,5,,94,74,72,20,52,21,3,18,,,,,,
2021-04-22,550,,121,,145,35,,,,15,,5,,94,74,59,21,38,13,3,10,,,,,,
2021-04-23,586,,125,,144,35,,,,13,,5,,96,76,50,10,40,12,4,8,,,,,,
2021-04-24,596,,136,,140,34,,,,8,,3,,101,80,56,9,47,14,1,13,,,,,,
2021-04-25,621,,139,,139,37,,,,8,,3,,101,80,56,21,35,17,9,8,,,,,,
2021-04-26,635,,142,,148,37,,,,7,,3,,102,81,55,16,39,14,7,7,,,,,,
2021-04-27,644,,142,,,,,,,6,,2,,103,81,48,14,34,10,3,7,,,,,,
2021-04-28,626,,144,,134,30,,,,4,,2,,106,84,51,20,31,18,6,12,,,,,,
2021-04-29,645,,146,,142,41,,,,4,,2,,106,84,42,8,34,13,1,12,,,,,,
2021-04-30,641,,147,,149,39,,,,4,,2,,107,85,50,13,37,15,3,12,,,,,,
2021-05-01,645,,147,,,,,,,5,,2,,107,85,46,10,36,11,2,9,,,,,,
2021-05-02,649,,145,,167,40,,,,4,,2,,108,85,40,11,29,12,4,8,,,,,,
2021-05-03,668,,139,,178,45,,,,6,,2,,108,85,47,8,39,12,2,10,,,,,,
2021-05-04,654,,134,,182,47,,,,6,,2,,109,86,44,6,38,11,1,10,,,,,,
2021-05-05,650,,134,,184,47,,,,6,,2,,110,86,54,15,39,10,1,9,,,,,,
2021-05-06,641,,136,,185,52,,,,6,,2,,111,87,47,15,32,10,4,6,,,,,,
2021-05-07,645,,134,,201,56,,,,8,,2,,112,88,37,9,28,10,5,5,,,,,,
2021-05-08,649,,140,,200,54,,,,10,,2,,112,88,56,15,41,12,3,9,,,,,,
2021-05-09,675,,144,,210,52,,,,10,,2,,112,88,53,15,38,11,4,7,,,,,,
2021-05-10,691,,151,,215,60,,,,11,,3,,112,88,32,14,18,4,1,3,,,,,,
2021-05-11,714,,156,,214,59,,,,11,,4,,113,89,36,9,27,10,4,6,,,,,,
2021-05-12,704,,162,,221,62,,,,11,,4,,113,89,31,5,26,6,0,6,,,,,,
2021-05-13,698,,163,,240,62,,,,10,,3,,114,90,48,14,34,18,6,12,,,,,,
2021-05-14,675,,166,,239,67,,,,10,,3,,114,90,33,6,27,6,0,6,,,,,,
2021-05-15,651,,173,,241,70,,,,11,,3,,114,90,37,6,31,7,1,6,,,,,,
2021-05-16,660,,169,,258,71,,,,11,,3,,114,90,24,8,16,6,1,5,,,,,,
2021-05-17,680,,174,,265,73,,,,10,,3,,115,91,24,6,18,7,1,6,,,,,,
2021-05-18,673,,175,,278,70,,,,9,,3,,116,91,31,6,25,9,2,7,,,,,,
2021-05-19,662,,168,,293,80,,,,11,,4,,116,91,33,10,23,10,2,8,,,,,,
2021-05-20,635,,166,,291,76,,,,7,,3,,120,95,21,6,15,3,1,2,,,,,,
2021-05-21,609,,154,,296,79,,,,7,,3,,120,95,40,7,33,9,1,8,,,,,,
2021-05-22,578,,152,,298,74,,,,7,,3,,120,95,32,10,22,9,3,6,,,,,,
2021-05-23,567,,152,,316,74,,,,8,,4,,120,95,27,6,21,7,1,6,,,,,,
2021-05-24,560,,150,,,,,,,7,,4,,121,96,25,8,17,6,2,4,,,,,,
2021-05-25,538,,147,,314,79,,,,5,,1,,123,98,28,12,16,6,2,4,,,,,,
2021-05-26,528,,143,,318,74,,,,6,,2,,123,98,19,9,10,6,3,3,,,,,,
2021-05-27,508,,141,,324,73,,,,8,,3,,123,98,23,1,22,8,0,8,,,,,,
2021-05-28,472,,134,,312,69,,,,7,,3,,123,98,18,3,15,4,0,4,,,,,,
2021-05-29,441,,132,,,,,,,7,,3,,122,97,12,3,9,5,1,4,,,,,,
2021-05-30,437,,125,,308,74,,,,7,,3,,122,97,18,4,14,5,0,5,,,,,,
2021-05-31,436,,119,,308,71,,,,7,,3,,122,97,16,3,13,7,1,6,,,,,,
2021-06-01,435,,117,,305,72,,,,6,,2,,124,99,19,4,15,4,1,3,,,,,,
2021-06-02,407,,115,,294,69,,,,7,,2,,124,99,14,5,9,3,2,1,,,,,,
2021-06-03,375,,105,,297,68,,,,5,,2,,126,100,16,5,11,2,1,1,,,,,,
2021-06-04,367,,99,,293,65,41,334,106,5,,2,,126,100,10,1,9,4,1,3,,,,,,
2021-06-05,362,,92,,294,63,39,333,102,5,,2,,126,100,17,5,12,5,1,4,,,,,,
2021-06-06,351,,91,,309,62,37,346,99,5,,2,,126,100,11,1,10,1,0,1,,,,,,
2021-06-07,338,,83,,308,66,36,344,102,4,,2,,127,101,9,4,5,2,1,1,,,,,,
2021-06-08,332,,81,,300,68,36,336,104,4,,2,,127,101,14,4,10,5,0,5,,,,,,
2021-06-09,309,,80,,293,67,30,323,97,4,,2,,127,101,12,1,11,3,0,3,,,,,,
2021-06-10,297,,76,,286,64,30,316,94,4,,2,,127,101,6,0,6,1,0,1,,,,,,
2021-06-11,289,,71,,276,63,30,306,93,4,,2,,127,101,5,2,3,1,0,1,,,,,,
2021-06-12,271,,72,,285,56,26,311,82,4,,2,,127,101,9,1,8,5,0,5,,,,,,
2021-06-13,271,,70,,271,58,26,297,84,4,,2,,127,101,5,3,2,2,2,0,,,,,,
2021-06-14,272,,65,,271,60,26,297,86,7,,3,,127,101,7,2,5,3,2,1,,,,,,
2021-06-15,258,,64,,266,63,24,290,87,8,,3,,127,101,6,0,6,0,0,0,,,,,,
2021-06-16,244,,56,,251,61,22,273,83,6,,2,,130,104,3,0,3,0,0,0,,,,,,
2021-06-17,240,,55,,246,60,20,266,80,6,,2,,130,104,7,2,5,2,1,1,,,,,,
2021-06-18,225,,46,,238,60,20,258,80,6,,2,,130,104,8,2,6,5,2,3,,,,,,
2021-06-19,215,,49,,226,58,18,244,76,6,,2,,130,104,6,0,6,2,0,2,,,,,,
2021-06-20,216,,53,,233,57,17,250,74,6,,2,,130,104,5,1,4,0,0,0,,,,,,
2021-06-21,205,,52,,231,58,15,246,73,5,,2,,131,105,8,3,5,4,3,1,,,,,,
2021-06-22,201,,52,,210,57,14,224,71,5,,2,,131,105,4,1,3,2,0,2,,,,,,
2021-06-23,193,,48,,209,57,13,222,70,5,,2,,131,105,4,0,4,0,0,0,,,,,,
2021-06-24,183,,44,,200,52,12,212,64,6,,2,,131,105,3,1,2,0,0,0,,,,,,
2021-06-25,182,,43,,185,54,12,197,66,4,,1,,133,107,5,1,4,1,0,1,,,,,,
2021-06-26,173,,38,,175,53,12,187,65,4,,1,,133,107,5,1,4,1,1,0,,,,,,
2021-06-27,178,,36,,181,52,12,193,64,4,,1,,133,107,2,0,2,1,0,1,,,,,,
2021-06-28,169,,34,,183,50,11,194,61,4,,1,,133,107,2,0,2,0,0,0,,,,,,
2021-06-29,162,,32,,171,49,10,181,59,3,,0,,134,108,3,1,2,2,1,1,,,,,,
2021-06-30,151,,33,,164,46,9,173,55,4,,0,,134,108,4,0,4,2,0,2,,,,,,
2021-07-01,141,,31,,,,,,,4,,0,,134,108,3,0,3,1,0,1,,,,,,
2021-07-02,137,,29,,157,43,6,163,49,5,,0,,134,108,5,1,4,1,1,0,,,,,,
2021-07-03,134,,29,,,,,,,5,,0,,134,108,1,0,1,0,0,0,,,,,,
2021-07-04,132,,31,,,,,,,4,,0,,135,108,5,1,4,2,0,2,,,,,,
2021-07-05,135,,30,,150,40,6,156,46,4,,0,,135,108,1,0,1,0,0,0,,,,,,
2021-07-06,137,,28,,149,36,6,155,42,4,,0,,135,109,6,0,6,1,0,1,,,,,,
2021-07-07,127,,29,,147,33,5,152,38,2,,0,,137,110,2,1,1,1,0,1,,,,,,
2021-07-08,122,,32,,,,,,,2,,0,,137,110,1,0,1,0,0,0,,,,,,
2021-07-09,113,,33,,137,33,4,141,37,2,,0,,137,110,3,0,3,1,0,1,,,,,,
2021-07-10,113,,31,,,,,,,1,,0,,138,111,1,0,1,0,0,0,,,,,,
2021-07-11,107,,32,,,,,,,1,,0,,138,111,3,1,2,2,0,2,,,,,,
2021-07-12,107,,31,,135,30,3,138,33,1,,0,,138,111,0,0,0,0,0,0,,,,,,
2021-07-13,107,,31,,131,32,2,133,34,0,,0,,139,112,2,0,2,1,0,1,,,,,,
2021-07-14,102,,29,,129,31,2,131,33,0,,0,,139,112,6,1,5,2,0,2,,,,,,
2021-07-15,105,,26,,126,29,2,128,31,0,,0,,139,112,5,0,5,2,0,2,,,,,,
2021-07-16,103,,26,,119,26,1,120,27,0,,0,,139,112,2,0,2,1,0,1,,,,,,
2021-07-17,100,,26,,,,,,,0,,0,,139,112,5,1,4,1,1,0,,,,,,
2021-07-18,98,,26,,,,,,,0,,0,,139,112,2,1,1,1,1,0,,,,,,
2021-07-19,95,,26,,117,27,,,,0,,0,,139,112,2,0,2,0,0,0,,,,,,
2021-07-20,93,,26,,108,29,,,,0,,0,,139,112,1,0,1,0,0,0,,,,,,
2021-07-21,90,,26,,105,29,,,,0,,0,,139,112,4,2,2,3,2,1,,,,,,
2021-07-22,83,,26,,105,28,,,,0,,0,,139,112,2,1,1,0,0,0,,,,,,
2021-07-23,84,,23,,106,24,,,,0,,0,,139,112,1,0,1,1,0,1,,,,,,
2021-07-24,80,,22,,,,,,,0,,0,,139,112,4,0,4,1,0,1,,,,,,
2021-07-25,81,,21,,,,,,,0,,0,,139,112,1,0,1,0,0,0,,,,,,
2021-07-26,83,,21,,110,26,,,,0,,0,,139,112,4,1,3,3,1,2,,,,,,
2021-07-27,84,,18,,107,27,,,,0,,0,,139,112,3,0,3,1,0,1,,,,,,
2021-07-28,88,,20,,104,30,,,,0,,0,,139,112,3,0,3,1,0,1,,,,,,
2021-07-29,89,,19,,102,29,,,,0,,0,,139,112,1,0,1,0,0,0,,,,,,
2021-07-30,92,,18,,93,25,,,,0,,0,,139,112,6,1,5,3,1,2,,,,,,
2021-07-31,91,,17,,,,,,,0,,0,,139,112,5,0,5,1,0,1,,,,,,
2021-08-01,90,,20,,,,,,,0,,0,,139,112,3,1,2,1,0,1,,,,,,
2021-08-02,89,,22,,,,,,,0,,0,,139,112,3,0,3,2,0,2,,,,,,
2021-08-03,95,,22,,95,19,,,,0,,0,,139,112,1,0,1,1,0,1,,,,,,
2021-08-04,100,,23,,,,,,,0,,0,,139,112,8,1,7,2,0,2,,,,,,
2021-08-05,109,,25,,91,17,,,,0,,0,,139,112,3,0,3,1,0,1,,,,,,
2021-08-06,116,,25,,,,,,,0,,0,,139,112,3,0,3,1,0,1,,,,,,
2021-08-07,114,,23,,,,,,,0,,0,,139,112,5,3,2,1,1,0,,,,,,
2021-08-08,126,,26,,,,,,,0,,0,,139,112,3,1,2,0,0,0,,,,,,
2021-08-09,132,,28,,89,14,,,,0,,0,,139,112,9,1,8,3,1,2,,,,,,
2021-08-10,141,,30,,,,,,,0,,0,,139,112,9,2,7,3,1,2,,,,,,
2021-08-11,155,,37,,,,,,,0,,0,,139,112,13,0,13,6,0,6,,,,,,
2021-08-12,158,,37,,75,11,,,,0,,0,,139,112,13,4,9,2,1,1,,,,,,
2021-08-13,160,,38,,,,,,,0,,0,,139,112,8,2,6,4,1,3,,,,,,
2021-08-14,155,,42,,,,,,,0,,0,,139,112,7,1,6,5,1,4,,,,,,
2021-08-15,167,,42,,,,,,,0,,0,,139,112,5,0,5,1,0,1,,,,,,
2021-08-16,179,,43,,69,12,,,,0,,0,,140,113,5,1,4,2,0,2,,,,,,
2021-08-17,185,,45,,,,,,,1,,0,,140,113,10,2,8,2,0,2,,,,,,
2021-08-18,201,,41,,,,,,,1,,0,,140,113,10,3,7,5,1,4,,,,,,
2021-08-19,222,,44,,69,14,,,,1,,0,,140,113,13,1,12,2,0,2,,,,,,
2021-08-20,239,,45,,,,,,,1,,0,,140,113,6,0,6,3,0,3,,,,,,
2021-08-21,235,,46,,,,,,,1,,0,,140,113,13,4,9,6,1,5,,,,,,
2021-08-22,248,,51,,,,,,,1,,0,,140,113,15,4,11,2,2,0,,,,,,
2021-08-23,266,,55,,63,16,,,,3,,0,,141,114,15,3,12,4,0,4,,,,,,
2021-08-24,291,,56,,,,,,,3,,0,,142,115,14,3,11,5,2,3,,,,,,
2021-08-25,310,,61,,,,,,,3,,0,,142,115,17,5,12,5,3,2,,,,,,
2021-08-26,336,,71,,65,21,,,,4,,0,,142,115,28,5,23,15,3,12,,,,,,
2021-08-27,359,,82,,,,,,,3,,0,,143,116,19,5,14,9,2,7,,,,,,
2021-08-28,382,,82,,,,,,,3,,0,,143,116,17,1,16,2,0,2,,,,,,
2021-08-29,405,,92,,,,,,,3,,0,,143,116,12,1,11,1,0,1,,,,,,
2021-08-30,439,,101,,65,18,,,,3,,1,,143,116,11,3,8,6,2,4,,,,,,
2021-08-31,475,,102,,,,,,,3,,1,,143,116,22,4,18,8,3,5,,,,,,
2021-09-01,494,,110,,,,,,,3,,1,,143,116,30,7,23,9,1,8,,,,,,
2021-09-02,532,,113,,70,15,,,,3,,1,,143,116,18,3,15,4,0,4,,,,,,
2021-09-03,557,,122,,,,,,,3,,2,,143,116,27,10,17,12,5,7,,,,,,
2021-09-04,571,,127,,,,,,,3,,2,,143,116,24,5,19,8,2,6,,,,,,
2021-09-05,586,,133,,,,,,,3,,2,,143,116,29,5,24,16,4,12,,,,,,
2021-09-06,614,,136,,,,,,,3,,2,,143,116,26,7,19,9,3,6,,,,,,
2021-09-07,664,,143,,74,12,,,,4,,3,,145,117,17,1,16,5,0,5,,,,,,
2021-09-08,684,,147,,,,,,,5,,4,,146,118,24,7,17,8,3,5,,,,,,
2021-09-09,699,,163,,77,16,,,,6,,4,,147,119,24,7,17,9,2,7,,,,,,
2021-09-10,750,,175,,,,,,,6,,3,,148,120,31,13,18,11,8,3,,,,,,
2021-09-11,767,,178,,,,,,,6,,3,,148,120,29,2,27,7,0,7,,,,,,
2021-09-12,812,,190,,,,,,,6,,3,,148,120,34,6,28,14,2,12,,,,,,
2021-09-13,835,,205,,,,,,,11,,9,,148,120,18,4,14,4,2,2,,,,,,
2021-09-14,883,,211,,,,,,,11,,8,,150,122,26,8,18,11,4,7,,,,,,
2021-09-15,905,,215,,,,,,,12,,7,,152,123,37,9,28,10,2,8,,,,,,
2021-09-16,923,,212,,62,12,,,,15,,9,,152,123,39,7,32,17,4,13,,,,,,
2021-09-17,926,,208,,,,,,,17,,10,,152,123,39,9,30,13,3,10,,,,,,
2021-09-18,936,,199,,,,,,,17,,10,,152,123,32,6,26,12,4,8,,,,,,
2021-09-19,963,,215,,,,,,,17,,10,,152,123,29,10,19,10,4,6,,,,,,
2021-09-20,1000,,219,,66,14,,,,23,,14,,154,125,21,2,19,8,0,8,,,,,,
2021-09-21,1035,,230,,,,,,,24,,15,,254,125,33,6,27,10,2,8,,,,,,
2021-09-22,1052,,227,,,,,,,26,,15,,155,125,29,5,24,8,2,6,,,,,,
2021-09-23,1068,,239,,68,14,,,,27,,12,,157,127,37,11,26,11,3,8,,,,,,
2021-09-24,1068,,241,,,,,,,31,,15,,159,128,43,13,30,13,5,8,,,,,,
2021-09-25,1044,,246,,,,,,,32,,13,,165,133,35,4,31,15,2,13,,,,,,
2021-09-26,1071,,250,,,,,,,33,,15,,168,135,33,9,24,7,2,5,,,,,,
2021-09-27,1104,,244,,77,19,,,,41,,16,,167,134,28,5,23,8,1,7,,,,,,
2021-09-28,1076,,251,,,,,,,40,,16,,173,140,23,7,16,8,2,6,,,,,,
2021-09-29,1077,,247,,,,,,,40,,16,,178,145,41,8,33,11,2,9,,,,,,
2021-09-30,1059,,249,,,,,,,40,,16,,185,150,38,11,27,8,3,5,,,,,,
2021-10-01,1055,,245,,92,19,,,,41,,15,,188,153,19,4,15,1,0,1,,,,,,
2021-10-02,1080,,241,,,,,,,44,,17,,192,154,33,11,22,9,4,5,,,,,,
2021-10-03,1072,,240,,,,,,,45,,20,,196,156,28,7,21,7,2,5,,,,,,
2021-10-04,1090,,233,,98,18,,,,49,,21,,198,157,22,8,14,5,3,2,,,,,,
2021-10-05,1088,,230,,,,,,,50,,23,,202,161,24,8,16,4,1,3,,,,,,
2021-10-06,1084,,234,,,,,,,51,,25,,203,162,27,8,19,3,1,2,,,,,,
2021-10-07,1076,,236,,85,15,,,,55,,31,,207,166,33,12,21,13,4,9,,,,,,
2021-10-08,1049,,238,,,,,,,58,,30,,213,171,18,5,13,4,0,4,,,,,,
2021-10-09,1014,,224,,,,,,,56,,23,,218,171,16,5,11,4,2,2,,,,,,
2021-10-10,1044,,226,,,,,,,53,,22,,224,180,24,8,16,5,2,3,,,,,,
2021-10-11,1039,,222,,,,,,,56,,20,,226,181,20,5,15,6,1,5,,,,,,
2021-10-12,1022,,217,,85,16,,,,63,,27,,227,182,20,1,19,8,0,8,,,,,,
2021-10-13,1005,,215,,,,,,,68,,27,,235,185,28,7,21,5,3,2,,,,,,
2021-10-14,989,,212,,93,17,,,,63,,19,,242,191,32,8,24,6,2,4,,,,,,
2021-10-15,979,,208,,,,,,,60,,18,,254,201,26,11,15,8,4,4,,,,,,
2021-10-16,957,,202,,,,,,,54,,17,,264,209,32,12,20,11,4,7,,,,,,
2021-10-17,963,,211,,,,,,,57,,18,,266,210,24,10,14,8,2,6,,,,,,
2021-10-18,952,,204,,90,16,,,,61,,20,,269,212,19,6,13,3,0,3,,,,,,
2021-10-19,924,,195,,,,,,,57,,18,,274,215,14,0,14,3,0,3,,,,,,
2021-10-20,898,,189,,,,,,,55,,16,,281,217,20,8,12,9,5,4,,,,,,
2021-10-21,879,,182,,87,20,,,,55,,16,,282,218,18,4,14,6,2,4,,,,,,
2021-10-22,847,,181,,,,,,,50,,15,,289,222,25,6,19,7,2,5,,,,,,
2021-10-23,816,,184,,,,,,,43,,13,,298,21,26,8,18,7,1,6,,,,,,
2021-10-24,813,,170,,,,,,,41,,11,,302,233,14,3,11,1,0,1,,,,,,
2021-10-25,825,,168,,83,20,,,,39,,14,,307,235,20,3,17,8,0,8,,,,,,
2021-10-26,799,,167,,,,,,,40,,14,,308,236,11,3,8,3,1,2,,,,,,
2021-10-27,771,,168,,,,,,,33,,15,,316,244,32,7,25,10,3,7,,,,,,
2021-10-28,756,,162,,82,24,,,,31,,16,,321,247,24,4,20,5,2,3,,,,,,
2021-10-29,730,,154,,,,,,,28,,17,,326,252,17,4,13,5,2,3,,,,,,
2021-10-30,692,,147,,,,,,,23,,13,,331,255,20,2,18,3,0,3,,,,,,
2021-10-31,683,,144,,,,,,,23,,13,,333,257,20,7,13,4,1,3,,,,,,
2021-11-01,685,,148,,98,25,,,,24,,16,,334,258,19,5,14,9,3,6,,,,,,
2021-11-02,684,,139,,,,,,,24,,14,,336,259,20,1,19,2,0,2,,,,,,
2021-11-03,665,,133,,,,,,,19,,13,,343,265,23,4,19,2,0,2,,,,,,
2021-11-04,649,,130,,115,24,,,,18,,12,,345,266,30,5,25,10,2,8,,,,,,
2021-11-05,648,,127,,,,,,,14,,9,,349,269,20,5,15,4,1,3,,,,,,
2021-11-06,620,,128,,,,,,,13,,8,,351,271,24,7,17,5,2,3,,,,,,
2021-11-07,597,,123,,,,,,,15,,9,,350,270,20,5,15,5,2,3,,,,,,
2021-11-08,599,,119,,141,26,,,,17,,9,,350,270,14,1,13,2,0,2,,,,,,
2021-11-09,575,,115,,,,,,,16,,10,,353,273,28,6,22,2,1,1,,,,,,
2021-11-10,559,,104,,,,,,,17,,11,,356,276,28,8,20,9,3,6,,,,,,
2021-11-11,544,,98,,,,,,,18,,11,,359,279,15,3,12,3,1,2,,,,,,
2021-11-12,534,,95,,145,30,,,,19,,11,,360,280,28,3,25,9,2,7,,,,,,
2021-11-13,519,,92,,,,,,,22,,11,,361,281,33,8,25,8,2,6,,,,,,
2021-11-14,511,,91,,,,,,,20,,12,,364,283,20,4,16,5,1,4,,,,,,
2021-11-15,515,,92,,146,31,,,,21,,14,,365,284,25,10,15,11,5,6,,,,,,
2021-11-16,508,,90,,,,,,,22,,14,,367,286,23,4,19,7,2,5,,,,,,
2021-11-17,500,,83,,,,,,,30,,16,,367,286,33,8,25,5,0,5,,,,,,
2021-11-18,486,,82,,157,30,,,,28,,14,,371,290,38,6,32,8,3,5,,,,,,
2021-11-19,474,,85,,,,,,,28,,16,,374,293,24,9,15,4,1,3,,,,,,
2021-11-20,454,,80,,,,,,,30,,17,,378,297,34,13,21,12,8,4,,,,,,
2021-11-21,460,,85,,,,,,,32,,18,,379,298,30,7,23,12,2,10,,,,,,
2021-11-22,469,,83,,152,24,,,,33,,15,,382,301,14,3,11,5,1,4,,,,,,
2021-11-23,463,,84,,,,,,,45,,18,,383,302,32,5,27,10,1,9,,,,,,
2021-11-24,454,,85,,,,,,,45,,19,,387,306,38,10,28,8,3,5,,,,,,
2021-11-25,454,,78,,136,24,,,,54,,18,,390,309,32,6,26,7,1,6,,,,,,
2021-11-26,450,,72,,,,,,,56,,18,,392,311,40,8,32,13,2,11,,,,,,
2021-11-27,435,,68,,,,,,,61,,16,,397,316,47,6,41,10,2,8,,,,,,
2021-11-28,428,,68,,,,,,,62,,17,,398,317,37,5,32,8,2,6,,,,,,
2021-11-29,432,,71,,142,25,,,,64,,17,,402,320,32,9,23,13,6,7,,,,,,
2021-11-30,417,,71,,,,,,,66,,15,,405,322,33,4,29,9,0,9,,,,,,
2021-12-01,413,,69,,143,24,,,,67,,15,,411,326,40,7,33,10,2,8,,,,,,
2021-12-02,389,,66,,,,,,,59,,16,,420,333,49,10,39,15,4,11,,,,,,
2021-12-03,381,,62,,141,23,,,,49,,16,,434,345,39,6,33,8,2,6,,,,,,
2021-12-04,373,,62,,,,,,,51,,16,,440,351,49,10,39,8,4,4,,,,,,
2021-12-05,384,,66,,,,,,,46,,16,,447,358,49,14,35,13,4,9,,,,,,
2021-12-06,389,,67,,152,30,,,,49,,18,,449,358,42,12,30,15,4,11,,,,,,
2021-12-07,381,,60,,,,,,,47,,18,,457,366,43,13,30,10,7,3,,,,,,
2021-12-08,375,,62,,153,34,,,,43,,18,,461,370,52,11,41,12,2,10,,,,,,
2021-12-09,376,,64,,,,,,,40,,16,,467,374,59,17,42,15,5,10,,,,,,
2021-12-10,385,,64,,142,35,,,,36,,12,,475,381,74,17,57,18,7,11,,,,,,
2021-12-11,370,,62,,,,,,,32,,11,,483,387,69,15,54,15,6,9,,,,,,
2021-12-12,366,,63,,,,,,,39,,14,,484,388,65,22,43,23,7,16,,,,,,
2021-12-13,377,,64,,142,34,,,,41,,14,,487,389,62,18,44,13,6,7,,,,,,
2021-12-14,372,,66,,,,,,,44,,14,,490,390,94,27,67,19,5,14,,,,,,
2021-12-15,362,,63,,139,34,,,,42,,14,,498,398,81,15,66,16,3,13,,,,,,
2021-12-16,351,,61,,,,,,,41,,15,,504,404,78,20,58,17,4,13,,,,,,
2021-12-17,341,,60,,139,33,,,,45,,14,,506,404,106,22,84,19,4,15,,,,,,
2021-12-18,324,,65,,,,,,,40,,13,,513,410,113,29,84,18,4,14,,,,,,
2021-12-19,331,,63,,,,,,,43,,13,,515,412,86,28,58,22,11,11,,,,,,
2021-12-20,339,,65,,137,27,,,,42,,17,,519,417,84,28,56,19,7,12,,,,,,
2021-12-21,338,,64,,,,,,,41,,17,,522,420,113,27,86,24,9,15,,,,,,
2021-12-22,332,,63,,137,24,,,,40,,17,,526,423,159,52,107,30,12,18,,,,,,
2021-12-23,337,,62,,,,,,,39,,16,,530,425,149,39,110,21,8,13,,,,,,
2021-12-24,325,,57,,135,24,,,,34,,15,,540,434,150,47,103,35,16,19,,,,,,
2021-12-25,322,,54,,,,,,,34,,15,,540,434,142,58,84,30,15,15,,,,,,
2021-12-26,329,,53,,,,,,,34,,15,,540,434,139,48,91,26,10,16,,,,,,
2021-12-27,350,,55,,158,25,,,,35,,14,,546,436,153,68,85,31,16,15,,,,,,
2021-12-28,376,,50,,,,,,,38,,13,,548,438,201,83,118,41,21,20,,,,,,
2021-12-29,397,,51,,183,29,,,,43,,17,,553,442,214,103,111,32,19,13,,,,,,
2021-12-30,424,,51,,,,,,,40,,16,,562,449,290,136,154,53,35,18,,,,,,
2021-12-31,424,,51,,192,30,,,,45,,21,,567,454,298,133,165,47,27,20,,,,,,
2022-01-01,436,,54,,,,,,,45,,21,,567,454,273,134,139,48,17,31,,,,,,
2022-01-02,465,,56,,,,,,,45,,21,,567,454,252,134,118,42,22,20,,,,,,
2022-01-03,482,,54,,,,,,,51,,17,,577,461,280,141,139,51,26,25,,,,,,
2022-01-04,539,,60,,,,,,,56,,16,,584,465,256,135,121,39,19,20,,,,,,
2022-01-05,566,,65,,252,30,,,,59,,16,,589,468,320,166,154,51,27,24,,,,,,
2022-01-06,600,,67,,,,,,,63,,19,,594,472,345,172,173,52,28,24,,,,,,
2022-01-07,667,,72,,297,34,,,,69,,17,,603,480,362,200,162,56,32,24,,,,,,
2022-01-08,688,,77,,,,,,,80,,17,,606,482,363,190,173,62,37,25,,,,,,
2022-01-09,733,,76,,,,,,,79,,16,,615,490,290,173,117,46,31,15,,,,,,
2022-01-10,794,,81,,,,,,,86,,13,,622,497,305,174,131,41,22,19,,,,,,
2022-01-11,829,,84,,,,,,,88,,14,,632,505,353,192,161,52,30,22,,,,,,
2022-01-12,866,,80,,,,,,,94,,10,,638,511,375,214,161,49,28,21,,,,,,
2022-01-13,918,,82,,,,,,,104,,9,,650,519,327,172,155,52,28,24,,,,,,
2022-01-14,975,,83,,,,,,,103,,11,,664,529,348,191,157,50,29,21,,,,,,
2022-01-15,1001,,92,,,,,,,113,,12,,678,542,379,231,148,59,31,28,,,,,,
2022-01-16,1078,,99,,,,,,,115,,14,,686,546,274,158,116,44,26,18,,,,,,
2022-01-17,1164,,104,,,,,,,113,,16,,701,560,210,116,94,38,21,17,,,,,,
2022-01-18,1183,,111,,,,,,,113,,15,,720,577,289,176,113,40,20,20,,,,,,
2022-01-19,1224,,113,,,,,,,123,,11,,733,586,293,152,141,48,24,24,,,,,,
2022-01-20,1286,,110,,,,,,,124,,12,,746,596,330,172,158,58,29,29,,,,,,
2022-01-21,1331,,107,,,,,,,125,73,14,11,760,609,304,153,151,44,18,26,,,,,,
2022-01-22,1344,,107,,,,,,,125,74,12,10,772,615,290,133,157,46,18,28,,,,,,
2022-01-23,1405,,111,,,,,,,126,74,10,9,780,622,216,118,98,24,9,15,,,,,,
2022-01-24,1484,,113,,,,,,,131,74,12,9,789,630,204,113,91,28,18,10,,,,,,
2022-01-25,1521,,110,,,,,,,138,82,11,8,804,644,252,132,120,33,19,14,,,,,,
2022-01-26,1575,,109,,,,,,,137,80,8,7,827,662,210,117,93,31,13,18,,,,,,
2022-01-27,1578,,107,,,,,,,141,83,8,7,840,673,253,121,132,39,16,23,,,,,,
2022-01-28,1582,,105,,,,,,,135,72,16,14,864,694,238,112,126,33,21,12,,,,,,
2022-01-29,1552,,103,,,,,,,159,85,14,13,869,699,204,106,98,32,21,11,,,,,,
2022-01-30,1582,,103,,,,,,,164,89,13,13,875,703,151,76,75,24,15,9,,,,,,
2022-01-31,1656,,111,,,,,,,152,84,16,15,899,722,158,80,78,30,11,19,,,,,,
2022-02-01,1668,754,107,62,,,,,,162,95,17,16,906,728,184,90,94,26,14,12,,,,,,
2022-02-02,1648,757,114,70,,,,,,165,98,16,13,916,735,185,91,94,22,9,13,383,171,196,16,40,35.9
2022-02-03,1641,759,122,80,,,,,,165,97,14,13,935,753,172,74,98,25,12,13,,,,,,
2022-02-04,1624,752,122,81,,,,,,163,93,17,16,948,766,165,67,98,20,6,14,,,,,,
2022-02-05,1575,733,117,82,,,,,,162,89,17,16,961,776,184,84,100,24,13,11,,,,,,
2022-02-06,1612,764,119,87,,,,,,159,84,17,16,973,787,123,62,61,19,9,10,,,,,,
2022-02-07,1678,817,130,92,,,,,,151,83,16,14,996,807,122,54,68,23,12,11,,,,,,
2022-02-08,1663,823,135,97,,,,,,151,81,17,14,1015,825,168,78,90,31,16,15,,,,,,
2022-02-09,1637,801,128,93,,,,,,139,77,15,12,1036,842,165,74,91,32,11,21,384,160,206,18,26,37.9
2022-02-10,1604,797,127,92,,,,,,140,77,15,13,1054,860,157,81,76,20,10,10,,,,,,
2022-02-11,1591,796,119,91,,,,,,135,73,13,10,1074,880,134,59,75,27,15,12,,,,,,
2022-02-12,1550,784,122,91,,,,,,122,63,14,10,1093,898,132,50,82,19,8,11,,,,,,
2022-02-13,1560,793,122,87,,,,,,116,59,15,10,1108,911,123,65,58,15,7,8,,,,,,
2022-02-14,1578,819,123,90,,,,,,112,58,13,10,1126,927,99,51,48,19,10,9,,,,,,
2022-02-15,1547,803,121,88,,,,,,101,52,11,9,1146,946,116,48,68,15,6,9,,,,,,
2022-02-16,1526,791,116,83,,,,,,89,45,9,8,1166,965,109,56,53,18,11,7,410,181,221,8,33,35.3
2022-02-17,1530,783,118,86,,,,,,79,40,9,8,1182,980,105,42,63,18,6,12,,,,,,
2022-02-18,1490,764,121,89,,,,,,78,35,8,7,1192,989,110,45,65,16,8,8,,,,,,
2022-02-19,1425,741,108,83,,,,,,78,35,8,7,1192,989,129,49,80,27,10,17,,,,,,
2022-02-20,1415,738,96,75,,,,,,78,35,8,7,1192,989,104,43,61,16,5,11,,,,,,
2022-02-21,1416,737,94,73,,,,,,78,35,8,7,1192,989,84,32,52,14,4,10,,,,,,
2022-02-22,1400,729,92,69,,,,,,78,32,8,7,1234,1029,104,39,65,17,4,13,,,,,,
2022-02-23,1381,714,92,71,,,,,,74,29,6,5,1246,1041,98,45,53,13,5,8,372,149,204,19,27,26.1
2022-02-24,1324,660,88,70,,,,,,77,36,5,4,1258,1053,109,49,60,23,12,11,,,,,,
2022-02-25,1313,663,77,63,,,,,,72,30,3,3,1271,1065,91,29,62,17,5,12,,,,,,
2022-02-26,1250,637,75,59,,,,,,72,30,3,3,1271,1065,102,41,61,14,6,8,,,,,,
2022-02-27,1257,643,81,63,,,,,,72,30,3,3,1271,1065,81,32,49,14,6,8,,,,,,
2022-02-28,1278,646,81,62,,,,,,89,42,3,2,1288,1080,68,29,39,15,3,12,,,,,,
2022-03-01,1263,648,82,60,,,,,,86,45,3,2,1306,1096,82,29,53,10,5,5,,,,,,
2022-03-02,1235,634,78,59,,,,,,89,44,8,6,1316,1106,85,39,46,16,8,8,353,151,183,19,30,27.3
2022-03-03,1201,619,75,58,,,,,,88,47,6,5,1333,1121,103,42,61,19,10,9,,,,,,
2022-03-04,1183,609,74,56,,,,,,92,48,8,7,1346,1134,82,40,42,10,5,5,,,,,,
2022-03-05,1120,569,73,58,,,,,,92,48,8,7,1346,1134,104,45,59,13,3,10,,,,,,
2022-03-06,1131,567,75,59,,,,,,92,48,8,7,1346,1134,82,34,48,20,4,16,,,,,,
2022-03-07,1137,571,75,57,,,,,,100,54,9,8,1371,1157,62,24,38,12,5,7,,,,,,
2022-03-08,1122,559,77,58,,,,,,99,51,12,11,1393,1179,78,30,48,10,5,5,,,,,,
2022-03-09,1101,542,76,58,,,,,,98,49,16,14,1406,1192,85,32,53,11,2,9,339,142,186,12,24,25.1
2022-03-10,1089,542,75,59,,,,,,101,48,18,15,1420,1205,90,44,46,15,7,8,,,,,,
2022-03-11,1066,536,77,64,,,,,,103,54,14,12,1433,1219,89,35,54,9,3,6,,,,,,
2022-03-12,1018,508,75,63,,,,,,103,54,14,12,1433,1219,102,41,61,16,5,11,,,,,,
2022-03-13,1014,503,72,60,,,,,,103,54,14,12,1433,1219,66,29,37,10,5,5,,,,,,
2022-03-14,1025,511,69,58,,,,,,103,54,14,12,1433,1219,57,21,36,7,0,7,,,,,,
2022-03-15,1012,510,68,55,,,,,,99,53,13,11,1462,1243,72,26,46,17,4,13,,,,,,
2022-03-16,996,502,64,49,,,,,,99,53,13,11,1462,1243,93,31,62,8,2,6,299,134,156,9,18,23.1
2022-03-17,996,505,59,45,,,,,,99,53,13,11,1462,1243,107,38,69,11,4,7,,,,,,
2022-03-18,975,482,56,40,,,,,,99,53,13,11,1462,1243,123,37,86,19,8,11,,,,,,
2022-03-19,946,477,55,41,,,,,,99,53,13,11,1462,1243,106,42,64,12,6,6,,,,,,
2022-03-20,969,495,56,45,,,,,,99,53,13,11,1462,1243,71,30,41,7,4,3,,,,,,
2022-03-21,988,506,54,44,,,,,,99,53,13,11,1462,1243,95,34,61,13,4,9,,,,,,
2022-03-22,977,491,57,48,,,,,,129,58,16,12,1553,1327,113,42,71,14,7,7,,,,,,
2022-03-23,961,488,58,50,,,,,,129,58,16,12,1553,1327,142,57,85,26,8,18,305,128,158,19,19,27.4
2022-03-24,967,498,50,44,,,,,,129,58,16,12,1553,1327,118,45,73,19,8,11,,,,,,
2022-03-25,960,490,50,43,,,,,,129,58,16,12,1553,1327,148,55,93,17,6,11,,,,,,
2022-03-26,932,473,43,36,,,,,,129,58,16,12,1553,1327,147,63,84,20,10,10,,,,,,
2022-03-27,954,499,45,37,,,,,,129,58,16,12,1553,1327,132,60,72,17,10,7,,,,,,
2022-03-28,1007,531,44,37,,,,,,129,58,16,12,1553,1327,105,50,55,16,6,10,,,,,,
2022-03-29,997,525,44,37,,,,,,142,76,8,5,1674,1439,151,77,74,20,10,10,,,,,,
2022-03-30,994,526,43,36,,,,,,,,,,,,157,66,91,19,5,14,324,120,184,20,21,27
2022-03-31,975,516,37,31,,,,,,,,,,,,178,77,101,25,10,15,,,,,,
2022-04-01,957,502,38,32,,,,,,,,,,,,206,80,126,30,10,20,,,,,,
2022-04-02,944,500,39,32,,,,,,,,,,,,214,103,111,11,10,1,,,,,,
2022-04-03,982,526,39,33,,,,,,,,,,,,165,72,93,9,3,6,,,,,,
2022-04-04,1033,565,42,35,,,,,,,,,,,,159,81,78,11,6,5,,,,,,
2022-04-05,1054,579,45,37,,,,,,,,,,,,199,91,108,10,6,4,,,,,,
2022-04-06,1062,578,50,40,,,,,,,,,,,,215,102,113,10,7,3,354,145,177,32,20,34
2022-04-07,1064,592,50,37,,,,,,,,,,,,219,105,114,15,10,5,,,,,,
2022-04-08,1067,591,48,32,,,,,,,,,,,,215,93,122,14,7,7,,,,,,
2022-04-09,1051,582,49,32,,,,,,,,,,,,230,98,132,18,9,9,,,,,,
2022-04-10,1082,605,47,34,,,,,,,,,,,,188,100,88,7,3,4,,,,,,
2022-04-11,1105,627,48,38,,,,,,,,,,,,183,112,71,12,9,3,,,,,,
2022-04-12,1117,643,50,40,,,,,,,,,,,,250,127,123,24,13,11,,,,,,
2022-04-13,1106,619,49,36,,,,,,,,,,,,258,122,136,23,12,11,403,152,232,19,25,32
2022-04-14,1105,628,45,32,,,,,,,,,,,,228,108,120,13,11,2,,,,,,
2022-04-15,1095,621,46,33,,,,,,,,,,,,250,122,128,15,9,6,,,,,,
2022-04-16,1099,625,47,36,,,,,,,,,,,,218,95,123,11,4,7,,,,,,
2022-04-17,1144,648,42,32,,,,,,,,,,,,179,91,88,11,7,4,,,,,,
2022-04-18,1190,672,47,34,,,,,,,,,,,,164,97,67,14,6,8,,,,,,
2022-04-19,1204,681,49,37,,,,,,,,,,,,192,94,98,10,5,5,,,,,,
2022-04-20,1208,682,50,38,,,,,,,,,,,,181,82,99,10,3,7,417,160,225,32,25,31
2022-04-21,1224,687,47,36,,,,,,,,,,,,222,118,104,10,3,7,,,,,,
2022-04-22,1243,704,46,38,,,,,,,,,,,,204,94,110,17,10,7,,,,,,
2022-04-23,1219,686,48,41,,,,,,,,,,,,206,101,105,12,9,3,,,,,,
2022-04-24,1253,700,48,37,,,,,,,,,,,,142,73,69,10,7,3,,,,,,
2022-04-25,1302,716,54,41,,,,,,,,,,,,150,79,71,15,9,6,,,,,,
2022-04-26,1306,715,54,44,,,,,,,,,,,,226,118,108,15,9,6,,,,,,
2022-04-27,1300,699,54,39,,,,,,,,,,,,173,81,92,12,6,6,409,166,231,12,20,35
2022-04-28,1275,682,51,38,,,,,,,,,,,,183,91,92,13,8,5,,,,,,
2022-04-29,1263,682,49,39,,,,,,,,,,,,155,72,83,10,4,6,,,,,,
2022-04-30,1227,655,44,37,,,,,,,,,,,,186,100,86,8,6,2,,,,,,
2022-05-01,1277,685,45,38,,,,,,,,,,,,124,66,58,10,4,6,,,,,,
2022-05-02,1336,711,49,38,,,,,,,,,,,,113,60,53,8,5,3,,,,,,
2022-05-03,1347,720,55,42,,,,,,,,,,,,144,73,71,6,2,4,,,,,,
2022-05-04,1308,704,50,40,,,,,,,,,,,,134,60,74,8,3,5,390,135,237,18,20,29
2022-05-05,1301,702,47,38,,,,,,,,,,,,141,75,66,12,6,6,,,,,,
2022-05-06,1271,673,43,36,,,,,,,,,,,,122,53,69,7,3,4,,,,,,
2022-05-07,1218,640,38,30,,,,,,,,,,,,122,56,66,9,2,7,,,,,,
2022-05-08,1245,652,38,29,,,,,,,,,,,,90,33,57,12,6,6,,,,,,
2022-05-09,1276,666,40,28,,,,,,,,,,,,85,38,47,7,3,4,,,,,,
2022-05-10,1263,649,41,29,,,,,,,,,,,,103,48,55,9,3,6,,,,,,
2022-05-11,1237,621,37,29,,,,,,,,,,,,111,45,66,5,1,4,321,125,186,10,16,25
2022-05-12,1221,617,36,26,,,,,,,,,,,,118,53,65,5,2,3,,,,,,
2022-05-13,1197,611,39,30,,,,,,,,,,,,104,50,54,6,4,2,,,,,,
2022-05-14,1170,597,38,28,,,,,,,,,,,,110,39,71,5,0,5,,,,,,
2022-05-15,1183,602,41,29,,,,,,,,,,,,88,36,52,6,3,3,,,,,,
2022-05-16,1210,613,42,28,,,,,,,,,,,,81,35,46,2,0,2,,,,,,
2022-05-17,1215,611,39,26,,,,,,,,,,,,87,42,45,4,3,1,,,,,,
2022-05-18,1185,588,37,25,,,,,,,,,,,,97,45,52,3,2,1,270,97,164,9,14,20
2022-05-19,1172,584,37,25,,,,,,,,,,,,87,34,53,5,3,2,,,,,,
2022-05-20,1095,543,34,25,,,,,,,,,,,,75,21,54,9,1,8,,,,,,
2022-05-21,1064,525,31,24,,,,,,,,,,,,77,22,55,6,2,4,,,,,,
2022-05-22,1065,529,30,23,,,,,,,,,,,,50,27,23,6,5,1,,,,,,
2022-05-23,1079,540,31,24,,,,,,,,,,,,56,16,40,4,0,4,,,,,,
2022-05-24,1097,545,31,24,,,,,,,,,,,,60,26,34,3,0,3,,,,,,
2022-05-25,1073,536,26,21,,,,,,,,,,,,63,17,46,5,2,3,258,90,150,18,10,16
2022-05-26,1031,512,32,24,,,,,,,,,,,,72,29,43,3,0,3,,,,,,
2022-05-27,1001,491,35,28,,,,,,,,,,,,80,23,57,3,0,3,,,,,,
2022-05-28,958,468,33,27,,,,,,,,,,,,71,26,45,4,2,2,,,,,,
2022-05-29,949,474,34,26,,,,,,,,,,,,68,22,46,7,5,2,,,,,,
2022-05-30,951,483,34,26,,,,,,,,,,,,46,16,30,8,5,3,,,,,,
2022-05-31,943,475,32,25,,,,,,,,,,,,63,14,49,3,0,3,,,,,,
2022-06-01,905,452,33,25,,,,,,,,,,,,68,22,46,3,2,1,232,68,151,13,6,14
2022-06-02,871,436,32,23,,,,,,,,,,,,63,18,45,3,0,3,,,,,,
2022-06-03,864,433,32,23,,,,,,,,,,,,72,24,48,5,2,3,,,,,,
2022-06-04,828,418,30,21,,,,,,,,,,,,79,16,63,4,2,2,,,,,,
2022-06-05,829,417,28,21,,,,,,,,,,,,45,10,35,4,0,4,,,,,,
2022-06-06,844,419,25,19,,,,,,,,,,,,49,13,36,3,0,3,,,,,,
2022-06-07,821,412,22,18,,,,,,,,,,,,70,19,51,5,0,5,,,,,,
2022-06-08,792,396,22,20,,,,,,,,,,,,84,28,56,6,2,4,187,56,118,13,10,15
2022-06-09,771,378,19,16,,,,,,,,,,,,81,19,62,4,0,4,,,,,,
2022-06-10,767,377,22,17,,,,,,,,,,,,72,32,40,1,1,0,,,,,,
2022-06-11,742,367,25,20,,,,,,,,,,,,76,25,51,2,1,1,,,,,,
2022-06-12,735,365,22,17,,,,,,,,,,,,75,30,45,6,3,3,,,,,,
2022-06-13,739,368,19,13,,,,,,,,,,,,69,29,40,3,1,2,,,,,,
2022-06-14,719,362,21,12,,,,,,,,,,,,84,27,57,6,2,4,,,,,,
2022-06-15,706,356,21,12,,,,,,,,,,,,93,37,56,2,2,0,165,51,106,8,6,13
2022-06-16,691,346,17,8,,,,,,,,,,,,107,38,69,5,3,2,,,,,,
2022-06-17,678,345,14,8,,,,,,,,,,,,105,37,68,5,1,4,,,,,,
2022-06-18,663,342,18,11,,,,,,,,,,,,94,36,58,5,2,3,,,,,,
2022-06-19,666,346,17,10,,,,,,,,,,,,87,37,50,5,1,4,,,,,,
2022-06-20,682,350,18,11,,,,,,,,,,,,62,23,39,3,1,2,,,,,,
2022-06-21,674,351,20,13,,,,,,,,,,,,115,37,78,5,2,3,,,,,,
2022-06-22,660,344,15,9,,,,,,,,,,,,124,42,82,2,1,1,157,46,108,3,5,11
2022-06-23,651,338,17,12,,,,,,,,,,,,122,58,64,4,1,3,,,,,,
2022-06-24,632,324,15,10,,,,,,,,,,,,137,54,83,9,4,5,,,,,,
2022-06-25,609,309,15,8,,,,,,,,,,,,103,40,63,5,4,1,,,,,,
2022-06-26,605,310,15,8,,,,,,,,,,,,105,41,64,7,3,4,,,,,,
2022-06-27,602,303,13,7,,,,,,,,,,,,89,43,46,4,2,2,,,,,,
2022-06-28,584,288,14,8,,,,,,,,,,,,118,52,66,10,7,3,,,,,,
2022-06-29,576,289,14,7,,,,,,,,,,,,150,48,102,7,3,4,119,30,79,10,4,9
2022-06-30,562,277,16,7,,,,,,,,,,,,171,64,107,7,3,4,,,,,,
2022-07-01,555,280,15,8,,,,,,,,,,,,169,58,111,11,6,5,,,,,,
2022-07-02,564,293,17,8,,,,,,,,,,,,142,75,67,3,2,1,,,,,,
2022-07-03,571,302,19,10,,,,,,,,,,,,137,61,76,6,4,2,,,,,,
2022-07-04,592,313,23,13,,,,,,,,,,,,142,62,80,8,5,3,,,,,,
2022-07-05,595,315,19,10,,,,,,,,,,,,164,73,91,8,4,4,,,,,,
2022-07-06,575,295,21,9,,,,,,,,,,,,175,69,106,12,7,5,,,,,,
2022-07-07,573,294,21,10,,,,,,,,,,,,180,80,100,8,3,5,,,,,,
2022-07-08,563,292,18,10,,,,,,,,,,,,205,62,143,9,5,4,,,,,,
2022-07-09,544,285,19,11,,,,,,,,,,,,166,74,92,3,1,2,,,,,,
2022-07-10,555,293,16,9,,,,,,,,,,,,131,58,73,3,0,3,,,,,,
2022-07-11,573,304,17,10,,,,,,,,,,,,120,55,65,5,0,5,,,,,,
2022-07-12,562,291,22,13,,,,,,,,,,,,203,84,119,10,6,4,,,,,,
2022-07-13,550,283,25,14,,,,,,,,,,,,190,88,102,12,6,6,,,,,,
2022-07-14,552,280,25,15,,,,,,,,,,,,192,88,104,7,6,1,,,,,,
2022-07-15,554,280,20,12,,,,,,,,,,,,178,71,107,7,2,5,,,,,,
2022-07-16,561,281,22,14,,,,,,,,,,,,210,82,128,16,8,8,,,,,,
2022-07-17,578,295,26,18,,,,,,,,,,,,149,71,78,9,4,5,,,,,,
2022-07-18,602,313,27,21,,,,,,,,,,,,154,82,72,11,7,4,,,,,,
2022-07-19,595,316,27,22,,,,,,,,,,,,214,94,120,13,4,9,,,,,,
2022-07-20,591,316,25,21,,,,,,,,,,,,203,86,117,9,6,3,,,,,,
2022-07-21,592,311,21,17,,,,,,,,,,,,205,91,114,14,8,6,,,,,,
2022-07-22,606,316,23,18,,,,,,,,,,,,203,93,110,12,6,6,,,,,,
2022-07-23,624,327,24,20,,,,,,,,,,,,181,78,103,5,3,2,,,,,,
2022-07-24,655,338,26,22,,,,,,,,,,,,154,77,77,9,3,6,,,,,,
2022-07-25,686,355,27,21,,,,,,,,,,,,161,71,90,12,7,5,,,,,,
2022-07-26,705,358,25,20,,,,,,,,,,,,203,78,125,14,5,9,,,,,,
2022-07-27,713,357,25,20,,,,,,,,,,,,175,73,102,8,5,3,,,,,,
2022-07-28,739,369,22,16,,,,,,,,,,,,170,68,102,7,4,3,,,,,,
2022-07-29,738,363,22,16,,,,,,,,,,,,194,83,111,11,5,6,,,,,,
2022-07-30,725,349,21,16,,,,,,,,,,,,155,64,91,5,3,2,,,,,,
2022-07-31,739,358,26,21,,,,,,,,,,,,123,65,58,6,5,1,,,,,,
2022-08-01,750,360,28,22,,,,,,,,,,,,134,57,77,14,7,7,,,,,,
2022-08-02,771,376,26,20,,,,,,,,,,,,135,56,79,8,4,4,,,,,,
2022-08-03,757,365,24,17,,,,,,,,,,,,151,53,98,10,2,8,,,,,,
2022-08-04,772,364,23,13,,,,,,,,,,,,184,87,97,9,3,6,,,,,,
2022-08-05,772,356,32,17,,,,,,,,,,,,149,63,86,8,4,4,,,,,,
2022-08-06,762,346,29,17,,,,,,,,,,,,147,74,73,10,6,4,,,,,,
2022-08-07,778,349,27,15,,,,,,,,,,,,118,51,67,8,5,3,,,,,,
2022-08-08,807,363,29,16,,,,,,,,,,,,118,54,64,7,1,6,,,,,,
2022-08-09,789,359,30,19,,,,,,,,,,,,150,66,84,11,6,5,,,,,,
2022-08-10,795,361,31,21,,,,,,,,,,,,143,61,82,9,2,7,,,,,,
2022-08-11,805,358,32,19,,,,,,,,,,,,151,63,88,14,7,7,,,,,,
2022-08-12,809,360,30,19,,,,,,,,,,,,144,72,72,8,3,5,,,,,,
2022-08-13,803,357,31,19,,,,,,,,,,,,112,48,64,3,1,2,,,,,,
2022-08-14,829,376,30,18,,,,,,,,,,,,101,47,54,10,2,8,,,,,,
2022-08-15,866,401,31,19,,,,,,,,,,,,92,45,47,4,2,2,,,,,,
2022-08-16,872,414,32,19,,,,,,,,,,,,138,55,83,7,3,4,,,,,,
2022-08-17,895,430,34,21,,,,,,,,,,,,136,59,77,10,3,7,,,,,,
2022-08-18,864,406,27,15,,,,,,,,,,,,132,47,85,11,6,5,,,,,,
2022-08-19,852,402,30,18,,,,,,,,,,,,134,64,70,6,6,0,,,,,,
2022-08-20,852,395,25,14,,,,,,,,,,,,131,56,75,5,4,1,,,,,,
2022-08-21,859,392,25,15,,,,,,,,,,,,103,47,56,7,3,4,,,,,,
2022-08-22,897,409,29,18,,,,,,,,,,,,102,56,46,7,4,3,,,,,,
2022-08-23,904,414,30,19,,,,,,,,,,,,111,50,61,6,3,3,,,,,,
2022-08-24,893,401,31,19,,,,,,,,,,,,113,58,55,9,3,6,,,,,,
2022-08-25,889,402,26,17,,,,,,,,,,,,120,47,73,9,6,3,,,,,,
2022-08-26,885,396,34,22,,,,,,,,,,,,101,46,55,4,1,3,,,,,,
2022-08-27,858,382,29,21,,,,,,,,,,,,111,44,67,5,4,1,,,,,,
2022-08-28,867,388,26,20,,,,,,,,,,,,91,35,56,3,1,2,,,,,,
2022-08-29,880,394,20,16,,,,,,,,,,,,79,36,43,6,2,4,,,,,,
2022-08-30,871,382,21,17,,,,,,,,,,,,85,42,43,6,5,1,,,,,,
2022-08-31,840,355,20,14,,,,,,,,,,,,110,52,58,4,1,3,,,,,,
2022-09-01,837,347,19,10,,,,,,,,,,,,109,33,76,5,1,4,,,,,,
2022-09-02,826,345,22,12,,,,,,,,,,,,107,45,62,3,3,0,,,,,,
2022-09-03,797,334,21,13,,,,,,,,,,,,95,31,64,2,1,1,,,,,,
2022-09-04,802,338,22,14,,,,,,,,,,,,86,31,55,6,1,5,,,,,,
2022-09-05,833,362,20,13,,,,,,,,,,,,84,40,44,2,2,0,,,,,,
2022-09-06,846,362,17,10,,,,,,,,,,,,90,30,60,4,3,1,,,,,,
2022-09-07,842,362,17,9,,,,,,,,,,,,101,43,58,1,0,1,,,,,,
2022-09-08,845,361,17,9,,,,,,,,,,,,98,46,52,4,2,2,,,,,,
2022-09-09,832,361,18,10,,,,,,,,,,,,131,46,85,11,6,5,,,,,,
2022-09-10,819,355,20,12,,,,,,,,,,,,134,50,84,5,0,5,,,,,,
2022-09-11,822,356,27,16,,,,,,,,,,,,102,35,67,7,4,3,,,,,,
2022-09-12,866,374,26,15,,,,,,,,,,,,103,32,71,7,2,5,,,,,,
2022-09-13,867,366,23,13,,,,,,,,,,,,124,47,77,8,3,5,,,,,,
2022-09-14,876,374,21,13,,,,,,,,,,,,125,43,82,7,2,5,,,,,,
2022-09-15,872,374,21,12,,,,,,,,,,,,116,44,72,10,5,5,,,,,,
2022-09-16,888,376,26,16,,,,,,,,,,,,114,36,78,4,1,3,,,,,,
2022-09-17,883,368,28,17,,,,,,,,,,,,107,46,61,6,2,4,,,,,,
2022-09-18,902,375,27,17,,,,,,,,,,,,84,32,52,2,1,1,,,,,,
2022-09-19,937,389,29,19,,,,,,,,,,,,98,43,55,1,0,1,,,,,,
2022-09-20,949,389,28,19,,,,,,,,,,,,106,38,68,6,2,4,,,,,,
2022-09-21,954,382,30,21,,,,,,,,,,,,137,53,84,8,1,7,,,,,,
2022-09-22,973,394,32,23,,,,,,,,,,,,128,54,74,5,1,4,,,,,,
2022-09-23,980,399,37,25,,,,,,,,,,,,144,55,89,6,2,4,,,,,,
2022-09-24,985,405,38,26,,,,,,,,,,,,140,52,88,7,2,5,,,,,,
2022-09-25,1014,410,38,23,,,,,,,,,,,,91,29,62,8,1,7,,,,,,
2022-09-26,1031,415,40,25,,,,,,,,,,,,92,38,54,6,3,3,,,,,,
2022-09-27,1018,414,41,25,,,,,,,,,,,,110,38,72,5,3,2,,,,,,
2022-09-28,1020,413,41,24,,,,,,,,,,,,168,58,110,8,2,6,,,,,,
2022-09-29,1027,414,38,21,,,,,,,,,,,,149,50,99,7,4,3,,,,,,
2022-09-30,1036,430,33,20,,,,,,,,,,,,135,58,77,6,1,5,,,,,,
2022-10-01,1027,426,27,16,,,,,,,,,,,,173,65,108,5,1,4,,,,,,
2022-10-02,1038,433,33,18,,,,,,,,,,,,132,47,85,4,1,3,,,,,,
2022-10-03,1055,443,33,16,,,,,,,,,,,,106,42,64,11,4,7,,,,,,
2022-10-04,1055,445,32,15,,,,,,,,,,,,143,45,98,4,1,3,,,,,,
2022-10-05,1042,431,31,14,,,,,,,,,,,,159,41,118,3,1,2,,,,,,
2022-10-06,1031,425,30,15,,,,,,,,,,,,168,65,103,4,2,2,,,,,,
2022-10-07,1015,425,31,16,,,,,,,,,,,,171,76,95,9,1,8,,,,,,
2022-10-08,1018,440,29,16,,,,,,,,,,,,155,68,87,3,0,3,,,,,,
2022-10-09,1028,447,28,14,,,,,,,,,,,,136,63,73,10,7,3,,,,,,
2022-10-10,1054,459,30,16,,,,,,,,,,,,108,47,61,8,2,6,,,,,,
2022-10-11,1094,487,32,20,,,,,,,,,,,,118,43,75,7,2,5,,,,,,
2022-10-12,1104,485,30,19,,,,,,,,,,,,176,66,110,12,7,5,,,,,,
2022-10-13,1102,489,30,20,,,,,,,,,,,,137,55,82,7,2,5,,,,,,
2022-10-14,1101,491,33,20,,,,,,,,,,,,159,71,88,8,4,4,,,,,,
2022-10-15,1070,482,37,23,,,,,,,,,,,,161,73,88,4,2,2,,,,,,
2022-10-16,1099,495,35,22,,,,,,,,,,,,124,49,75,9,2,7,,,,,,
2022-10-17,1115,504,32,19,,,,,,,,,,,,120,48,72,11,4,7,,,,,,
2022-10-18,1123,504,30,17,,,,,,,,,,,,162,62,100,8,4,4,,,,,,
2022-10-19,1134,509,31,20,,,,,,,,,,,,145,60,85,6,3,3,,,,,,
2022-10-20,1118,505,33,22,,,,,,,,,,,,131,61,70,8,6,2,,,,,,
2022-10-21,1124,507,32,20,,,,,,,,,,,,126,55,71,10,4,6,,,,,,
2022-10-22,1112,497,30,18,,,,,,,,,,,,134,48,86,4,1,3,,,,,,
2022-10-23,1129,509,30,18,,,,,,,,,,,,109,53,56,9,5,4,,,,,,
2022-10-24,1164,521,30,18,,,,,,,,,,,,99,50,49,6,6,0,,,,,,
2022-10-25,1163,526,28,17,,,,,,,,,,,,123,58,65,8,5,3,,,,,,
2022-10-26,1142,507,28,18,,,,,,,,,,,,144,58,86,5,3,2,,,,,,
2022-10-27,1128,500,28,18,,,,,,,,,,,,145,61,84,9,6,3,,,,,,
2022-10-28,1112,492,28,18,,,,,,,,,,,,137,50,87,8,4,4,,,,,,
2022-10-29,1094,479,27,14,,,,,,,,,,,,133,57,76,10,5,5,,,,,,
2022-10-30,1112,492,25,13,,,,,,,,,,,,96,35,61,9,2,7,,,,,,
2022-10-31,1131,503,25,13,,,,,,,,,,,,78,32,46,2,1,1,,,,,,
2022-11-01,1141,512,25,14,,,,,,,,,,,,136,53,83,5,3,2,,,,,,
2022-11-02,1131,505,29,16,,,,,,,,,,,,150,66,84,11,6,5,,,,,,
2022-11-03,1147,512,27,17,,,,,,,,,,,,132,39,93,8,3,5,,,,,,
2022-11-04,1129,505,28,18,,,,,,,,,,,,133,60,73,2,0,2,,,,,,
2022-11-05,1108,502,31,18,,,,,,,,,,,,140,62,78,12,6,6,,,,,,
2022-11-06,1114,498,37,19,,,,,,,,,,,,110,46,64,3,1,2,,,,,,
2022-11-07,1145,506,41,19,,,,,,,,,,,,95,45,50,7,2,5,,,,,,
2022-11-08,1152,516,34,13,,,,,,,,,,,,145,58,87,3,2,1,,,,,,
2022-11-09,1124,506,33,15,,,,,,,,,,,,139,55,84,8,3,5,,,,,,
2022-11-10,1119,505,30,15,,,,,,,,,,,,141,66,75,7,3,4,,,,,,
2022-11-11,1126,500,35,16,,,,,,,,,,,,127,45,82,4,1,3,,,,,,
2022-11-12,1138,514,37,17,,,,,,,,,,,,139,58,81,6,2,4,,,,,,
2022-11-13,1172,533,41,18,,,,,,,,,,,,99,35,64,4,1,3,,,,,,
2022-11-14,1197,544,43,19,,,,,,,,,,,,88,33,55,6,1,5,,,,,,
2022-11-15,1170,523,45,22,,,,,,,,,,,,130,52,78,7,2,5,,,,,,
2022-11-16,1170,515,47,21,,,,,,,,,,,,132,59,73,6,5,1,,,,,,
2022-11-17,1156,508,49,23,,,,,,,,,,,,122,42,80,7,2,5,,,,,,
2022-11-18,1135,485,47,22,,,,,,,,,,,,122,41,81,6,4,2,,,,,,
2022-11-19,1109,474,43,21,,,,,,,,,,,,151,60,91,6,2,4,,,,,,
2022-11-20,1130,479,39,20,,,,,,,,,,,,100,44,56,3,2,1,,,,,,
2022-11-21,1179,506,40,23,,,,,,,,,,,,106,36,70,7,3,4,,,,,,
2022-11-22,1188,509,44,24,,,,,,,,,,,,140,60,80,8,5,3,,,,,,
2022-11-23,1182,502,49,27,,,,,,,,,,,,152,55,97,7,3,4,,,,,,
2022-11-24,1171,496,48,26,,,,,,,,,,,,151,64,87,11,5,6,,,,,,
2022-11-25,1133,490,48,26,,,,,,,,,,,,144,56,88,5,2,3,,,,,,
2022-11-26,1098,482,45,22,,,,,,,,,,,,137,48,89,7,0,7,,,,,,
2022-11-27,1111,491,45,24,,,,,,,,,,,,119,41,78,5,1,4,,,,,,
2022-11-28,1136,506,47,27,,,,,,,,,,,,114,46,68,8,5,3,,,,,,
2022-11-29,1116,491,45,25,,,,,,,,,,,,142,64,78,9,5,4,,,,,,
2022-11-30,1106,474,41,21,,,,,,,,,,,,167,68,99,7,3,4,,,,,,
2022-12-01,1104,475,40,21,,,,,,,,,,,,138,61,77,3,2,1,,,,,,
2022-12-02,1093,473,40,20,,,,,,,,,,,,149,62,87,6,2,4,,,,,,
2022-12-03,1053,448,41,21,,,,,,,,,,,,161,60,101,4,1,3,,,,,,
2022-12-04,1078,458,40,23,,,,,,,,,,,,120,54,66,12,6,6,,,,,,
2022-12-05,1098,465,41,22,,,,,,,,,,,,96,52,44,7,4,3,,,,,,
2022-12-06,1088,466,41,24,,,,,,,,,,,,131,58,73,10,3,7,,,,,,
2022-12-07,1078,464,43,27,,,,,,,,,,,,143,54,89,7,4,3,,,,,,
2022-12-08,1071,461,40,25,,,,,,,,,,,,177,58,119,9,4,5,,,,,,
2022-12-09,1057,460,46,27,,,,,,,,,,,,159,65,94,6,0,6,,,,,,
2022-12-10,1024,441,46,28,,,,,,,,,,,,158,73,85,9,4,5,,,,,,
2022-12-11,1026,444,40,26,,,,,,,,,,,,112,55,57,10,6,4,,,,,,
2022-12-12,1040,457,43,27,,,,,,,,,,,,117,48,69,13,8,5,,,,,,
2022-12-13,1019,436,41,23,,,,,,,,,,,,154,70,84,8,1,7,,,,,,
2022-12-14,995,417,39,21,,,,,,,,,,,,151,75,76,10,4,6,,,,,,
2022-12-15,978,415,37,19,,,,,,,,,,,,175,89,86,10,8,2,,,,,,
2022-12-16,971,412,41,20,,,,,,,,,,,,161,74,87,8,5,3,,,,,,
2022-12-17,928,386,38,22,,,,,,,,,,,,158,65,93,9,5,4,,,,,,
2022-12-18,936,393,30,20,,,,,,,,,,,,119,51,68,7,1,6,,,,,,
2022-12-19,961,408,35,23,,,,,,,,,,,,118,56,62,6,1,5,,,,,,
2022-12-20,953,406,39,26,,,,,,,,,,,,140,70,70,6,2,4,,,,,,
2022-12-21,917,386,35,25,,,,,,,,,,,,176,82,94,6,3,3,,,,,,
2022-12-22,891,379,30,19,,,,,,,,,,,,156,48,108,10,6,4,,,,,,
2022-12-23,877,376,35,23,,,,,,,,,,,,153,63,90,9,6,3,,,,,,
2022-12-24,851,366,33,22,,,,,,,,,,,,129,57,72,5,2,3,,,,,,
2022-12-25,851,375,38,23,,,,,,,,,,,,105,55,50,4,1,3,,,,,,
2022-12-26,884,397,41,25,,,,,,,,,,,,111,55,56,5,4,1,,,,,,
2022-12-27,895,405,43,27,,,,,,,,,,,,120,52,68,8,3,5,,,,,,
2022-12-28,911,424,43,27,,,,,,,,,,,,143,67,76,5,3,2,,,,,,
2022-12-29,923,438,39,22,,,,,,,,,,,,180,79,101,11,4,7,,,,,,
2022-12-30,928,448,41,24,,,,,,,,,,,,172,70,102,12,4,8,,,,,,
2022-12-31,924,446,41,24,,,,,,,,,,,,147,73,74,7,5,2,,,,,,
2023-01-01,943,453,42,22,,,,,,,,,,,,128,63,65,1,0,1,,,,,,
2023-01-02,962,465,45,23,,,,,,,,,,,,103,39,64,3,2,1,,,,,,
2023-01-03,964,467,48,24,,,,,,,,,,,,111,47,64,7,5,2,,,,,,
2023-01-04,967,470,43,26,,,,,,,,,,,,126,61,65,12,9,3,,,,,,
2023-01-05,952,458,35,23,,,,,,,,,,,,149,70,79,9,2,7,,,,,,
2023-01-06,925,439,34,24,,,,,,,,,,,,140,65,75,6,4,2,,,,,,
2023-01-07,902,422,33,21,,,,,,,,,,,,118,43,75,2,1,1,,,,,,
2023-01-08,906,424,32,21,,,,,,,,,,,,93,42,51,10,7,3,,,,,,
2023-01-09,931,430,33,23,,,,,,,,,,,,69,30,39,5,4,1,,,,,,
2023-01-10,934,423,34,23,,,,,,,,,,,,131,56,75,4,2,2,,,,,,
2023-01-11,927,408,33,22,,,,,,,,,,,,108,46,62,4,2,2,,,,,,
2023-01-12,914,398,37,23,,,,,,,,,,,,114,52,62,5,5,0,,,,,,
2023-01-13,895,390,37,22,,,,,,,,,,,,106,41,65,7,2,5,,,,,,
2023-01-14,861,368,35,18,,,,,,,,,,,,95,37,58,7,3,4,,,,,,
2023-01-15,871,375,32,17,,,,,,,,,,,,77,29,48,4,0,4,,,,,,
2023-01-16,899,389,31,16,,,,,,,,,,,,74,33,41,2,1,1,,,,,,
2023-01-17,884,386,35,18,,,,,,,,,,,,84,41,43,3,1,2,,,,,,
2023-01-18,863,378,34,18,,,,,,,,,,,,99,43,56,5,2,3,,,,,,
2023-01-19,851,371,31,15,,,,,,,,,,,,90,38,52,6,4,2,,,,,,
2023-01-20,836,367,26,15,,,,,,,,,,,,110,41,69,7,4,3,,,,,,
2023-01-21,805,356,28,16,,,,,,,,,,,,89,28,61,2,1,1,,,,,,
2023-01-22,800,349,29,15,,,,,,,,,,,,70,30,40,3,0,3,,,,,,
2023-01-23,816,357,30,16,,,,,,,,,,,,50,21,29,7,3,4,,,,,,
2023-01-24,813,355,31,17,,,,,,,,,,,,77,21,56,5,1,4,,,,,,
2023-01-25,800,356,31,15,,,,,,,,,,,,79,33,46,4,1,3,,,,,,
2023-01-26,778,348,31,17,,,,,,,,,,,,73,29,44,4,2,2,,,,,,
2023-01-27,757,343,26,17,,,,,,,,,,,,90,22,68,4,0,4,,,,,,
2023-01-28,731,330,26,14,,,,,,,,,,,,73,27,46,3,2,1,,,,,,
2023-01-29,725,330,27,16,,,,,,,,,,,,71,30,41,0,0,0,,,,,,
2023-01-30,726,330,25,13,,,,,,,,,,,,53,23,30,4,1,3,,,,,,
2023-01-31,719,321,27,14,,,,,,,,,,,,84,34,50,5,4,1,,,,,,
2023-02-01,707,309,25,13,,,,,,,,,,,,95,33,62,7,2,5,,,,,,
2023-02-02,707,308,24,9,,,,,,,,,,,,105,42,63,7,3,4,,,,,,
2023-02-03,690,298,25,11,,,,,,,,,,,,94,38,56,2,0,2,,,,,,
2023-02-04,677,286,24,10,,,,,,,,,,,,85,34,51,1,1,0,,,,,,
2023-02-05,676,287,21,10,,,,,,,,,,,,59,23,36,5,2,3,,,,,,
2023-02-06,708,301,23,10,,,,,,,,,,,,68,26,42,3,1,2,,,,,,
2023-02-07,702,293,20,8,,,,,,,,,,,,83,28,55,2,0,2,,,,,,
2023-02-08,693,282,20,8,,,,,,,,,,,,82,35,47,2,1,1,,,,,,
2023-02-09,679,275,21,9,,,,,,,,,,,,85,29,56,2,0,2,,,,,,
2023-02-10,659,266,17,7,,,,,,,,,,,,88,40,48,9,5,4,,,,,,
2023-02-11,632,251,19,8,,,,,,,,,,,,75,24,51,5,2,3,,,,,,
2023-02-12,629,249,17,8,,,,,,,,,,,,56,25,31,4,4,0,,,,,,
2023-02-13,646,260,19,8,,,,,,,,,,,,79,40,39,9,3,6,,,,,,
2023-02-14,640,253,20,9,,,,,,,,,,,,87,31,56,5,2,3,,,,,,
2023-02-15,632,253,19,7,,,,,,,,,,,,107,36,71,7,5,2,,,,,,
2023-02-16,621,250,17,7,,,,,,,,,,,,97,33,64,5,3,2,,,,,,
2023-02-17,613,247,17,8,,,,,,,,,,,,99,36,63,8,5,3,,,,,,
2023-02-18,590,235,17,8,,,,,,,,,,,,98,35,63,3,1,2,,,,,,
2023-02-19,585,234,16,8,,,,,,,,,,,,83,37,46,4,2,2,,,,,,
2023-02-20,598,242,16,8,,,,,,,,,,,,70,34,36,4,4,0,,,,,,
2023-02-21,598,241,16,8,,,,,,,,,,,,89,36,53,8,2,6,,,,,,
2023-02-22,586,237,16,8,,,,,,,,,,,,107,44,63,8,3,5,,,,,,
2023-02-23,584,245,14,7,,,,,,,,,,,,96,39,57,5,0,5,,,,,,
2023-02-24,578,243,17,9,,,,,,,,,,,,95,33,62,5,3,2,,,,,,
2023-02-25,562,231,17,8,,,,,,,,,,,,102,43,59,7,2,5,,,,,,
2023-02-26,568,233,15,8,,,,,,,,,,,,79,36,43,4,3,1,,,,,,
2023-02-27,579,242,17,8,,,,,,,,,,,,63,24,39,1,0,1,,,,,,
2023-02-28,555,230,15,7,,,,,,,,,,,,89,37,52,6,4,2,,,,,,
2023-03-01,552,227,14,7,,,,,,,,,,,,95,33,62,3,2,1,,,,,,
2023-03-02,542,217,14,7,,,,,,,,,,,,101,40,61,4,1,3,,,,,,
2023-03-03,538,221,15,7,,,,,,,,,,,,101,35,66,8,4,4,,,,,,
2023-03-04,537,223,16,8,,,,,,,,,,,,93,45,48,6,4,2,,,,,,
2023-03-05,536,224,16,8,,,,,,,,,,,,72,25,47,3,2,1,,,,,,
2023-03-06,545,229,15,7,,,,,,,,,,,,67,34,33,4,0,4,,,,,,
2023-03-07,535,223,13,5,,,,,,,,,,,,93,33,60,5,1,4,,,,,,
2023-03-08,523,223,14,7,,,,,,,,,,,,95,42,53,2,1,1,,,,,,
2023-03-09,510,218,13,6,,,,,,,,,,,,92,39,53,3,1,2,,,,,,
2023-03-10,498,210,12,5,,,,,,,,,,,,93,37,56,6,3,3,,,,,,
2023-03-11,478,195,11,5,,,,,,,,,,,,79,28,51,3,1,2,,,,,,
2023-03-12,493,202,13,6,,,,,,,,,,,,68,18,50,3,0,3,,,,,,
2023-03-13,502,207,11,5,,,,,,,,,,,,65,29,36,4,4,0,,,,,,
2023-03-14,492,197,13,8,,,,,,,,,,,,73,33,40,5,2,3,,,,,,
2023-03-15,487,199,13,8,,,,,,,,,,,,97,33,64,9,3,6,,,,,,
2023-03-16,482,200,16,9,,,,,,,,,,,,83,32,51,2,0,2,,,,,,
2023-03-17,473,199,18,11,,,,,,,,,,,,87,32,55,6,1,5,,,,,,
2023-03-18,464,196,16,9,,,,,,,,,,,,89,32,57,8,3,5,,,,,,
2023-03-19,472,199,17,9,,,,,,,,,,,,64,29,35,1,0,1,,,,,,
2023-03-20,491,209,20,12,,,,,,,,,,,,54,27,27,4,3,1,,,,,,
2023-03-21,485,207,21,13,,,,,,,,,,,,80,39,41,7,5,2,,,,,,
2023-03-22,481,211,22,14,,,,,,,,,,,,89,32,57,3,3,0,,,,,,
2023-03-23,468,203,19,12,,,,,,,,,,,,74,29,45,5,3,2,,,,,,
2023-03-24,468,203,19,13,,,,,,,,,,,,82,34,48,4,1,3,,,,,,
2023-03-25,466,208,25,17,,,,,,,,,,,,71,26,45,4,1,3,,,,,,
2023-03-26,478,216,26,18,,,,,,,,,,,,78,40,38,4,1,3,,,,,,
2023-03-27,487,225,28,19,,,,,,,,,,,,56,28,28,1,0,1,,,,,,
2023-03-28,480,219,27,17,,,,,,,,,,,,69,31,38,5,2,3,,,,,,
2023-03-29,486,223,27,16,,,,,,,,,,,,92,33,59,5,4,1,,,,,,
2023-03-30,480,220,22,13,,,,,,,,,,,,83,26,57,7,3,4,,,,,,
2023-03-31,465,213,20,11,,,,,,,,,,,,79,28,51,5,3,2,,,,,,
2023-04-01,471,223,20,10,,,,,,,,,,,,81,37,44,6,1,5,,,,,,
2023-04-02,486,236,19,9,,,,,,,,,,,,70,35,35,6,3,3,,,,,,
2023-04-03,504,243,21,11,,,,,,,,,,,,55,26,29,4,1,3,,,,,,
2023-04-04,504,240,21,11,,,,,,,,,,,,87,38,49,5,5,0,,,,,,
2023-04-05,497,236,18,10,,,,,,,,,,,,87,28,59,10,4,6,,,,,,
2023-04-06,487,232,15,9,,,,,,,,,,,,85,41,44,3,1,2,,,,,,
2023-04-07,473,231,16,9,,,,,,,,,,,,74,24,50,3,1,2,,,,,,
2023-04-08,471,230,18,10,,,,,,,,,,,,64,31,33,2,2,0,,,,,,
2023-04-09,467,229,18,11,,,,,,,,,,,,53,19,34,0,0,0,,,,,,
2023-04-10,477,233,18,11,,,,,,,,,,,,80,36,44,4,3,1,,,,,,
2023-04-11,467,231,21,13,,,,,,,,,,,,59,28,31,4,3,1,,,,,,
2023-04-12,469,232,19,12,,,,,,,,,,,,88,38,50,6,1,5,,,,,,
2023-04-13,478,241,19,14,,,,,,,,,,,,88,42,46,8,5,3,,,,,,
2023-04-14,483,244,21,15,,,,,,,,,,,,90,37,53,6,5,1,,,,,,
2023-04-15,465,234,18,13,,,,,,,,,,,,98,39,59,2,2,0,,,,,,
2023-04-16,473,236,19,12,,,,,,,,,,,,54,19,35,1,0,1,,,,,,
2023-04-17,484,236,20,12,,,,,,,,,,,,55,23,32,1,0,1,,,,,,
2023-04-18,497,249,19,11,,,,,,,,,,,,67,39,28,4,4,0,,,,,,
2023-04-19,503,246,23,13,,,,,,,,,,,,71,35,36,7,3,4,,,,,,
2023-04-20,504,241,23,14,,,,,,,,,,,,86,33,53,5,1,4,,,,,,
2023-04-21,495,241,21,15,,,,,,,,,,,,68,22,46,2,1,1,,,,,,
2023-04-22,482,224,21,14,,,,,,,,,,,,66,32,34,3,0,3,,,,,,
2023-04-23,493,227,20,13,,,,,,,,,,,,54,25,29,1,1,0,,,,,,
2023-04-24,512,235,23,15,,,,,,,,,,,,43,21,22,1,0,1,,,,,,
2023-04-25,519,239,26,16,,,,,,,,,,,,51,15,36,2,1,1,,,,,,
2023-04-26,514,239,27,14,,,,,,,,,,,,63,25,38,3,2,1,,,,,,
2023-04-27,513,235,23,12,,,,,,,,,,,,71,30,41,1,0,1,,,,,,
2023-04-28,511,235,24,14,,,,,,,,,,,,70,26,44,4,1,3,,,,,,
2023-04-29,503,238,25,17,,,,,,,,,,,,62,26,36,5,2,3,,,,,,
2023-04-30,502,234,26,17,,,,,,,,,,,,53,26,27,2,1,1,,,,,,
2023-05-01,510,237,23,17,,,,,,,,,,,,41,17,24,3,2,1,,,,,,
2023-05-02,512,242,23,17,,,,,,,,,,,,56,23,33,5,1,4,,,,,,
2023-05-03,510,236,19,14,,,,,,,,,,,,64,23,41,4,0,4,,,,,,
2023-05-04,500,229,18,12,,,,,,,,,,,,58,23,35,1,1,0,,,,,,
2023-05-05,500,227,18,10,,,,,,,,,,,,57,25,32,3,1,2,,,,,,
2023-05-06,484,217,21,11,,,,,,,,,,,,47,18,29,1,1,0,,,,,,
2023-05-07,482,213,21,12,,,,,,,,,,,,35,12,23,1,0,1,,,,,,
2023-05-08,504,223,22,14,,,,,,,,,,,,42,17,25,3,1,2,,,,,,
2023-05-09,517,231,22,16,,,,,,,,,,,,36,17,19,3,1,2,,,,,,
2023-05-10,521,236,20,16,,,,,,,,,,,,51,17,34,5,2,3,,,,,,
2023-05-11,503,230,21,17,,,,,,,,,,,,53,28,25,2,2,0,,,,,,
2023-05-12,484,225,24,19,,,,,,,,,,,,45,17,28,2,0,2,,,,,,
2023-05-13,481,229,21,15,,,,,,,,,,,,46,13,33,2,0,2,,,,,,
2023-05-14,484,230,21,16,,,,,,,,,,,,33,13,20,1,0,1,,,,,,
2023-05-15,495,232,20,15,,,,,,,,,,,,40,22,18,1,0,1,,,,,,
2023-05-16,497,239,18,14,,,,,,,,,,,,39,15,24,1,0,1,,,,,,
2023-05-17,484,221,17,13,,,,,,,,,,,,49,17,32,6,2,4,,,,,,
2023-05-18,484,215,18,12,,,,,,,,,,,,54,19,35,4,1,3,,,,,,
2023-05-19,462,208,15,10,,,,,,,,,,,,39,10,29,2,0,2,,,,,,
2023-05-20,448,197,15,9,,,,,,,,,,,,41,22,19,3,2,1,,,,,,
2023-05-21,459,197,14,9,,,,,,,,,,,,37,12,25,1,1,0,,,,,,
2023-05-22,454,195,12,8,,,,,,,,,,,,35,22,13,2,1,1,,,,,,
2023-05-23,464,200,14,7,,,,,,,,,,,,46,18,28,7,1,6,,,,,,
2023-05-24,455,192,15,8,,,,,,,,,,,,48,23,25,3,2,1,,,,,,
2023-05-25,451,190,14,6,,,,,,,,,,,,42,15,27,0,0,0,,,,,,
2023-05-26,436,185,12,5,,,,,,,,,,,,48,20,28,2,0,2,,,,,,
2023-05-27,428,179,11,5,,,,,,,,,,,,33,13,20,3,1,2,,,,,,
2023-05-28,430,181,12,6,,,,,,,,,,,,30,14,16,1,1,0,,,,,,
2023-05-29,440,186,13,7,,,,,,,,,,,,38,15,23,2,1,1,,,,,,
2023-05-30,431,181,13,8,,,,,,,,,,,,42,16,26,3,3,0,,,,,,
2023-05-31,429,181,13,9,,,,,,,,,,,,50,23,27,4,1,3,,,,,,
2023-06-01,423,171,13,8,,,,,,,,,,,,40,18,22,5,3,2,,,,,,
2023-06-02,424,167,13,8,,,,,,,,,,,,51,21,30,2,2,0,,,,,,
2023-06-03,408,160,11,9,,,,,,,,,,,,39,16,23,1,0,1,,,,,,
2023-06-04,408,159,9,8,,,,,,,,,,,,41,15,26,2,1,1,,,,,,
2023-06-05,413,162,12,11,,,,,,,,,,,,23,13,10,4,2,2,,,,,,
2023-06-06,400,152,12,11,,,,,,,,,,,,30,15,15,2,0,2,,,,,,
2023-06-07,385,147,10,10,,,,,,,,,,,,39,11,28,3,1,2,,,,,,
2023-06-08,375,140,10,10,,,,,,,,,,,,32,13,19,0,0,0,,,,,,
2023-06-09,362,132,8,7,,,,,,,,,,,,34,13,21,3,0,3,,,,,,
2023-06-10,353,130,8,6,,,,,,,,,,,,33,12,21,3,0,3,,,,,,
2023-06-11,352,130,7,5,,,,,,,,,,,,29,13,16,1,0,1,,,,,,
2023-06-12,357,131,8,4,,,,,,,,,,,,32,19,13,0,0,0,,,,,,
2023-06-13,350,129,9,3,,,,,,,,,,,,34,12,22,3,1,2,,,,,,
2023-06-14,350,132,9,4,,,,,,,,,,,,25,10,15,0,0,0,,,,,,
2023-06-15,342,128,10,4,,,,,,,,,,,,29,17,12,1,1,0,,,,,,
2023-06-16,333,120,11,5,,,,,,,,,,,,35,14,21,3,1,2,,,,,,
2023-06-17,329,122,10,5,,,,,,,,,,,,24,10,14,2,2,0,,,,,,
2023-06-18,327,118,8,3,,,,,,,,,,,,10,3,7,0,0,0,,,,,,
2023-06-19,334,125,9,4,,,,,,,,,,,,19,9,10,0,0,0,,,,,,
2023-06-20,327,126,9,4,,,,,,,,,,,,25,12,13,0,0,0,,,,,,
2023-06-21,326,132,9,6,,,,,,,,,,,,13,6,7,0,0,0,,,,,,
2023-06-22,326,130,8,5,,,,,,,,,,,,22,9,13,0,0,0,,,,,,
2023-06-23,318,125,9,6,,,,,,,,,,,,31,9,22,1,1,0,,,,,,
2023-06-24,306,123,7,3,,,,,,,,,,,,27,15,12,2,1,1,,,,,,
2023-06-25,308,126,6,3,,,,,,,,,,,,24,11,13,0,0,0,,,,,,
2023-06-26,313,127,5,3,,,,,,,,,,,,33,15,18,0,0,0,,,,,,
2023-06-27,305,122,6,4,,,,,,,,,,,,30,12,18,0,0,0,,,,,,
2023-06-28,293,117,3,3,,,,,,,,,,,,26,5,21,0,0,0,,,,,,
2023-06-29,294,118,4,4,,,,,,,,,,,,29,12,17,1,0,1,,,,,,
2023-06-30,287,117,3,3,,,,,,,,,,,,23,6,17,3,0,3,,,,,,
2023-07-01,284,117,4,4,,,,,,,,,,,,22,8,14,0,0,0,,,,,,
2023-07-02,278,110,3,3,,,,,,,,,,,,18,6,12,0,0,0,,,,,,
2023-07-03,286,115,3,3,,,,,,,,,,,,17,7,10,0,0,0,,,,,,
2023-07-04,282,113,4,3,,,,,,,,,,,,23,6,17,0,0,0,,,,,,
2023-07-05,274,104,5,3,,,,,,,,,,,,26,4,22,0,0,0,,,,,,
2023-07-06,269,101,5,3,,,,,,,,,,,,31,14,17,3,0,3,,,,,,
2023-07-07,269,102,3,2,,,,,,,,,,,,39,19,20,2,0,2,,,,,,
2023-07-08,264,100,4,2,,,,,,,,,,,,30,13,17,3,1,2,,,,,,
2023-07-09,258,99,4,2,,,,,,,,,,,,24,7,17,2,0,2,,,,,,
2023-07-10,262,102,7,3,,,,,,,,,,,,26,13,13,2,0,2,,,,,,
2023-07-11,257,98,7,3,,,,,,,,,,,,26,9,17,0,0,0,,,,,,
2023-07-12,256,97,6,2,,,,,,,,,,,,26,4,22,1,1,0,,,,,,
2023-07-13,246,94,6,3,,,,,,,,,,,,35,11,24,2,1,1,,,,,,
2023-07-14,244,94,6,4,,,,,,,,,,,,20,10,10,1,1,0,,,,,,
2023-07-15,242,89,8,4,,,,,,,,,,,,25,5,20,1,0,1,,,,,,
2023-07-16,242,90,8,4,,,,,,,,,,,,28,8,20,1,0,1,,,,,,
2023-07-17,245,92,7,3,,,,,,,,,,,,23,8,15,0,0,0,,,,,,
2023-07-18,245,95,6,3,,,,,,,,,,,,27,10,17,2,0,2,,,,,,
2023-07-19,241,94,6,4,,,,,,,,,,,,35,12,23,3,2,1,,,,,,
2023-07-20,243,97,6,5,,,,,,,,,,,,32,5,27,1,0,1,,,,,,
2023-07-21,241,94,5,5,,,,,,,,,,,,26,8,18,1,1,0,,,,,,
2023-07-22,237,91,5,4,,,,,,,,,,,,31,8,23,1,1,0,,,,,,
2023-07-23,245,97,7,4,,,,,,,,,,,,24,9,15,3,1,2,,,,,,
2023-07-24,256,102,7,4,,,,,,,,,,,,28,14,14,2,1,1,,,,,,
2023-07-25,253,101,7,4,,,,,,,,,,,,31,5,26,1,1,0,,,,,,
2023-07-26,254,99,4,3,,,,,,,,,,,,39,12,27,2,1,1,,,,,,
2023-07-27,257,102,4,3,,,,,,,,,,,,41,13,28,2,0,2,,,,,,
2023-07-28,256,106,4,3,,,,,,,,,,,,36,19,17,1,1,0,,,,,,
2023-07-29,251,103,4,3,,,,,,,,,,,,37,9,28,4,1,3,,,,,,
2023-07-30,260,108,4,3,,,,,,,,,,,,34,12,22,3,2,1,,,,,,
2023-07-31,260,106,4,3,,,,,,,,,,,,31,15,16,2,1,1,,,,,,
2023-08-01,262,107,5,5,,,,,,,,,,,,45,20,25,2,1,1,,,,,,
2023-08-02,260,103,5,4,,,,,,,,,,,,45,11,34,0,0,0,,,,,,
2023-08-03,256,102,5,4,,,,,,,,,,,,44,13,31,1,1,0,,,,,,
2023-08-04,251,96,4,3,,,,,,,,,,,,35,11,24,1,0,1,,,,,,
2023-08-05,247,94,5,3,,,,,,,,,,,,46,13,33,3,1,2,,,,,,
2023-08-06,250,100,4,2,,,,,,,,,,,,44,17,27,1,1,0,,,,,,
2023-08-07,249,99,4,2,,,,,,,,,,,,34,15,19,2,1,1,,,,,,
2023-08-08,254,102,3,2,,,,,,,,,,,,44,15,29,5,4,1,,,,,,
2023-08-09,252,104,5,4,,,,,,,,,,,,52,16,36,2,2,0,,,,,,
2023-08-10,247,100,5,4,,,,,,,,,,,,45,20,25,2,1,1,,,,,,
2023-08-11,253,103,6,4,,,,,,,,,,,,46,16,30,1,0,1,,,,,,
2023-08-12,250,101,5,3,,,,,,,,,,,,64,22,42,2,0,2,,,,,,
2023-08-13,256,103,5,2,,,,,,,,,,,,41,19,22,5,4,1,,,,,,
2023-08-14,269,108,5,2,,,,,,,,,,,,54,25,29,3,1,2,,,,,,
2023-08-15,264,99,7,3,,,,,,,,,,,,59,26,33,2,0,2,,,,,,
2023-08-16,260,97,7,3,,,,,,,,,,,,50,23,27,1,1,0,,,,,,
2023-08-17,271,99,7,5,,,,,,,,,,,,53,16,37,2,0,2,,,,,,
2023-08-18,264,98,7,5,,,,,,,,,,,,67,28,39,0,0,0,,,,,,
2023-08-19,261,95,5,3,,,,,,,,,,,,57,15,42,3,1,2,,,,,,
2023-08-20,268,99,6,4,,,,,,,,,,,,53,25,28,4,2,2,,,,,,
2023-08-21,275,105,5,4,,,,,,,,,,,,48,20,28,1,0,1,,,,,,
2023-08-22,275,,6,,,,,,,,,,,,,56,25,31,3,3,0,,,,,,
2023-08-23,271,,6,,,,,,,,,,,,,52,17,35,0,0,0,,,,,,
2023-08-24,275,,7,,,,,,,,,,,,,74,19,55,0,0,0,,,,,,
2023-08-25,274,,7,,,,,,,,,,,,,81,36,45,5,3,2,,,,,,
2023-08-26,274,,4,,,,,,,,,,,,,79,38,41,1,1,0,,,,,,
2023-08-27,284,,3,,,,,,,,,,,,,56,25,31,1,1,0,,,,,,
2023-08-28,278,,3,,,,,,,,,,,,,56,32,24,3,1,2,,,,,,
2023-08-29,,,,,,,,,,,,,,,,68,28,40,3,1,2,,,,,,
2023-08-30,,,,,,,,,,,,,,,,58,25,33,4,0,4,,,,,,
2023-08-31,,,,,,,,,,,,,,,,85,33,52,2,0,2,,,,,,
2023-09-01,,,,,,,,,,,,,,,,83,30,53,3,2,1,,,,,,
2023-09-02,,,,,,,,,,,,,,,,71,30,41,4,2,2,,,,,,
2023-09-03,,,,,,,,,,,,,,,,73,32,41,4,3,1,,,,,,
2023-09-04,,,,,,,,,,,,,,,,62,24,38,1,1,0,,,,,,
2023-09-05,,,,,,,,,,,,,,,,63,28,35,2,1,1,,,,,,
2023-09-06,,,,,,,,,,,,,,,,85,36,49,5,2,3,,,,,,
2023-09-07,,,,,,,,,,,,,,,,96,36,60,6,2,4,,,,,,
2023-09-08,,,,,,,,,,,,,,,,102,37,65,3,2,1,,,,,,
2023-09-09,,,,,,,,,,,,,,,,115,37,78,2,0,2,,,,,,
2023-09-10,,,,,,,,,,,,,,,,72,30,42,1,0,1,,,,,,
2023-09-11,,,,,,,,,,,,,,,,67,29,38,1,1,0,,,,,,
2023-09-12,,,,,,,,,,,,,,,,70,33,37,4,1,3,,,,,,
2023-09-13,,,,,,,,,,,,,,,,91,40,51,3,1,2,,,,,,
2023-09-14,,,,,,,,,,,,,,,,98,45,53,10,5,5,,,,,,
2023-09-15,,,,,,,,,,,,,,,,104,33,71,2,0,2,,,,,,
2023-09-16,,,,,,,,,,,,,,,,86,38,48,4,3,1,,,,,,
2023-09-17,,,,,,,,,,,,,,,,80,30,50,4,2,2,,,,,,
2023-09-18,,,,,,,,,,,,,,,,62,18,44,2,0,2,,,,,,
2023-09-19,,,,,,,,,,,,,,,,103,40,63,6,3,3,,,,,,
2023-09-20,,,,,,,,,,,,,,,,87,37,50,3,1,2,,,,,,
2023-09-21,,,,,,,,,,,,,,,,95,40,55,6,2,4,,,,,,
2023-09-22,,,,,,,,,,,,,,,,120,44,76,7,3,4,,,,,,
2023-09-23,,,,,,,,,,,,,,,,108,45,63,4,4,0,,,,,,
2023-09-24,,,,,,,,,,,,,,,,91,46,45,3,3,0,,,,,,
2023-09-25,,,,,,,,,,,,,,,,96,51,45,3,3,0,,,,,,
2023-09-26,,,,,,,,,,,,,,,,109,57,52,5,2,3,,,,,,
2023-09-27,,,,,,,,,,,,,,,,115,51,64,2,1,1,,,,,,
2023-09-28,,,,,,,,,,,,,,,,113,41,72,7,3,4,,,,,,
2023-09-29,,,,,,,,,,,,,,,,117,49,68,6,2,4,,,,,,
2023-09-30,,,,,,,,,,,,,,,,151,72,79,9,5,4,,,,,,
2023-10-01,,,,,,,,,,,,,,,,94,59,35,5,2,3,,,,,,
2023-10-02,,,,,,,,,,,,,,,,103,56,47,7,7,0,,,,,,
2023-10-03,,,,,,,,,,,,,,,,150,78,72,6,2,4,,,,,,
2023-10-04,,,,,,,,,,,,,,,,143,63,80,8,4,4,,,,,,
2023-10-05,,,,,,,,,,,,,,,,156,84,72,12,8,4,,,,,,
2023-10-06,,,,,,,,,,,,,,,,157,67,90,7,2,5,,,,,,
2023-10-07,,,,,,,,,,,,,,,,150,70,80,7,4,3,,,,,,
2023-10-08,,,,,,,,,,,,,,,,112,57,55,9,8,1,,,,,,
2023-10-09,,,,,,,,,,,,,,,,97,55,42,6,4,2,,,,,,
2023-10-10,,,,,,,,,,,,,,,,96,61,35,12,7,5,,,,,,
2023-10-11,,,,,,,,,,,,,,,,113,62,51,5,4,1,,,,,,
2023-10-12,,,,,,,,,,,,,,,,121,58,63,6,0,6,,,,,,
2023-10-13,,,,,,,,,,,,,,,,127,62,65,11,4,7,,,,,,
2023-10-14,,,,,,,,,,,,,,,,115,44,71,5,3,2,,,,,,
2023-10-15,,,,,,,,,,,,,,,,84,37,47,7,3,4,,,,,,
2023-10-16,,,,,,,,,,,,,,,,88,45,43,9,3,6,,,,,,
2023-10-17,,,,,,,,,,,,,,,,107,54,53,4,2,2,,,,,,
2023-10-18,,,,,,,,,,,,,,,,125,60,65,10,5,5,,,,,,
2023-10-19,,,,,,,,,,,,,,,,122,51,71,6,2,4,,,,,,
2023-10-20,,,,,,,,,,,,,,,,116,50,66,5,2,3,,,,,,
2023-10-21,,,,,,,,,,,,,,,,124,60,64,5,1,4,,,,,,
2023-10-22,,,,,,,,,,,,,,,,84,36,48,4,1,3,,,,,,
2023-10-23,,,,,,,,,,,,,,,,81,39,42,8,6,2,,,,,,
2023-10-24,,,,,,,,,,,,,,,,95,43,52,10,6,4,,,,,,
2023-10-25,,,,,,,,,,,,,,,,110,46,64,4,1,3,,,,,,
2023-10-26,,,,,,,,,,,,,,,,123,45,78,9,5,4,,,,,,
2023-10-27,,,,,,,,,,,,,,,,135,60,75,6,3,3,,,,,,
2023-10-28,,,,,,,,,,,,,,,,143,54,89,6,2,4,,,,,,
2023-10-29,,,,,,,,,,,,,,,,91,45,46,3,2,1,,,,,,
2023-10-30,,,,,,,,,,,,,,,,72,30,42,4,3,1,,,,,,
2023-10-31,,,,,,,,,,,,,,,,110,46,64,3,2,1,,,,,,
2023-11-01,,,,,,,,,,,,,,,,101,59,42,6,5,1,,,,,,
2023-11-02,,,,,,,,,,,,,,,,125,44,81,8,5,3,,,,,,
2023-11-03,,,,,,,,,,,,,,,,111,43,68,9,6,3,,,,,,
2023-11-04,,,,,,,,,,,,,,,,117,52,65,3,2,1,,,,,,
2023-11-05,,,,,,,,,,,,,,,,82,44,38,3,1,2,,,,,,
2023-11-06,,,,,,,,,,,,,,,,86,47,39,10,0,10,,,,,,
2023-11-07,,,,,,,,,,,,,,,,87,48,39,6,5,1,,,,,,
2023-11-08,,,,,,,,,,,,,,,,111,39,72,5,2,3,,,,,,
2023-11-09,,,,,,,,,,,,,,,,98,53,45,7,5,2,,,,,,
2023-11-10,,,,,,,,,,,,,,,,119,49,70,3,0,3,,,,,,
2023-11-11,,,,,,,,,,,,,,,,99,52,47,10,6,4,,,,,,
2023-11-12,,,,,,,,,,,,,,,,80,36,44,4,0,4,,,,,,
2023-11-13,,,,,,,,,,,,,,,,82,33,49,5,1,4,,,,,,
2023-11-14,,,,,,,,,,,,,,,,105,47,58,5,1,4,,,,,,
2023-11-15,,,,,,,,,,,,,,,,120,57,63,10,5,5,,,,,,
2023-11-16,,,,,,,,,,,,,,,,106,50,56,5,3,2,,,,,,
2023-11-17,,,,,,,,,,,,,,,,95,49,46,12,7,5,,,,,,
2023-11-18,,,,,,,,,,,,,,,,104,49,55,6,4,2,,,,,,
2023-11-19,,,,,,,,,,,,,,,,73,43,30,3,1,2,,,,,,
2023-11-20,,,,,,,,,,,,,,,,58,32,26,2,1,1,,,,,,
2023-11-21,,,,,,,,,,,,,,,,93,48,45,7,4,3,,,,,,
2023-11-22,,,,,,,,,,,,,,,,83,43,40,5,2,3,,,,,,
2023-11-23,,,,,,,,,,,,,,,,77,43,34,6,3,3,,,,,,
2023-11-24,,,,,,,,,,,,,,,,97,56,41,4,1,3,,,,,,
2023-11-25,,,,,,,,,,,,,,,,74,44,30,3,2,1,,,,,,
2023-11-26,,,,,,,,,,,,,,,,76,47,29,8,4,4,,,,,,
2023-11-27,,,,,,,,,,,,,,,,62,42,20,7,5,2,,,,,,
2023-11-28,,,,,,,,,,,,,,,,78,46,32,5,3,2,,,,,,
2023-11-29,,,,,,,,,,,,,,,,9,7,2,1,1,0,,,,,,
